user_id,is_female,year_born,race
12488,0,1980,4
719703,0,1985,4
722153,1,1973,3
749003,0,1982,5
755531,0,1982,4
811618,0,1987,3
822540,0,1979,4
865071,0,1995,4
988211,0,1965,4
1025311,1,1955,4
1143891,0,1976,3
1191741,0,1973,4
1397001,1,1972,5
1459461,1,1984,4
1603031,0,1984,3
1605181,1,1984,4
1846921,1,1985,4
2026441,1,1965,4
2093301,0,1989,1
2880931,1,1978,5
3144431,0,1943,4
3237521,0,1974,4
3488451,0,1978,3
3544741,0,1987,4
3566011,1,1976,1
3770721,1,1973,4
4339771,1,1985,4
4521491,1,1979,1
4650621,0,1961,4
5135501,1,1982,4
5371102,0,1995,4
5416812,1,1964,4
5666752,1,1986,4
5690282,1,1987,2
5874062,1,1990,1
5880532,0,1988,4
5917992,0,1977,4
6051522,1,1989,4
6332682,1,1977,3
6470852,1,1984,4
6479382,0,1971,1
6584072,1,1979,4
6740082,0,1969,4
7074382,0,1982,3
7097802,0,1972,4
7182022,1,1973,4
7211262,1,1984,4
7348342,0,1982,4
7397422,1,1974,4
7417492,1,1957,4
7544592,1,1989,4
7765472,1,1987,4
7899462,1,1980,4
7926272,0,1970,4
8010492,1,1977,4
8194092,0,1988,4
8406662,0,1976,4
8470262,0,1993,2
8513432,0,1978,4
8661762,1,NaN,4
9044272,0,1960,4
9079602,1,1992,4
9411542,0,1972,4
9428922,1,1982,4
9853352,0,1980,3
9868472,0,1980,4
10181972,1,1979,4
10234782,0,1987,4
10451182,0,1971,4
10476692,0,1954,4
10644122,1,1969,4
10773912,1,1992,4
10797732,1,1981,4
10827952,1,1976,4
10841872,1,1985,3
10955832,1,1981,5
11039472,NaN,1983,5
11098712,0,1983,5
11198062,0,1956,4
11254832,1,1970,4
11423162,0,1977,1
11522232,0,1977,4
11623142,1,1981,4
12021352,1,1986,5
12056712,1,1989,4
12332182,1,1977,4
12545042,1,1978,4
13059962,1,1967,4
13165752,1,1978,4
13309552,1,1971,5
13361832,0,1980,3
13720722,0,1961,4
13981312,1,1959,4
14030812,1,1964,4
14058536,0,1980,3
14062421,0,1993,4
14124606,1,1977,4
14170289,0,1971,4
14171950,1,1982,4
14194825,0,1953,2
14211227,1,1984,4
14222204,1,1992,4
14240153,0,1976,4
14244184,1,1976,4
14256294,1,1970,2
14272973,0,1992,4
14296407,0,1979,4
14297464,0,1977,4
14304515,1,1978,1
14336742,1,1986,4
14343915,1,1958,4
14348851,1,1990,4
14407946,1,1972,4
14416921,1,1974,4
14429994,0,1959,4
14435859,1,1980,4
14457390,0,1963,1
14536367,0,1992,5
14560910,1,1968,4
14563740,0,1971,4
14592726,1,1976,4
14614494,1,1985,4
14682492,1,1992,4
14703506,0,1974,4
14707806,1,1965,4
14715108,1,1978,4
14826469,1,1990,4
14849081,0,1970,4
14851038,0,1979,4
14880410,1,1974,NaN
14910028,1,1993,1
14961098,1,1991,4
15034178,1,1979,2
15039098,0,1959,5
15076293,1,1989,4
15099813,0,1984,4
15143247,1,1989,4
15196943,0,1976,4
15201386,0,1966,4
15221748,0,1982,4
15274196,1,1988,4
15281952,1,1968,4
15335474,1,1966,4
15369325,1,1989,4
15382034,0,1971,4
15388148,0,1979,4
15419131,1,1977,4
15430827,1,1980,4
15436890,1,1993,4
15437696,0,1986,4
15466017,0,1960,4
15494123,0,1983,4
15519857,0,1972,4
15540235,0,1988,4
15549792,1,1980,2
15570793,1,1962,4
15594712,0,1945,4
15606388,0,1957,5
15630060,1,1981,4
15655288,1,1981,4
15699296,1,1953,4
15703735,1,1988,4
15707141,1,1962,4
15713534,0,1974.75,4
15721421,0,1991,2
15724536,1,1962,4
15740626,1,1976,1
15765861,0,1969,5
15774274,1,1990,5
15810975,1,1980,3
15843090,1,1995,5
15851225,1,1993,1
15860422,1,1957,4
15864167,1,1974,4
15868932,1,1981,4
15878709,1,1981,4
15879006,1,1975,4
15890907,0,NaN,4
15912799,1,1992,4
15921865,1,1981,4
15925282,0,1989,4
15929888,1,1969,4
15940745,1,1976,5
15966552,1,1993,4
16005137,1,1984,4
16027465,1,1966,4
16054727,1,1981,1
16085494,0,1966,4
16117972,0,1970,4
16194971,0,1984,2
16205123,0,1980,5
16239701,1,1975,4
16247779,1,1987,4
16267925,1,1984,4
16279572,1,1989,4
16279836,1,1991,4
16329047,0,1980,4
16335411,0,1979,2
16340534,1,1982,4
16342196,1,1993,4
16364718,1,1983,5
16380507,1,1993,4
16386234,1,1988,2
16398423,1,1990,4
16404395,1,1987,4
16438708,0,1981,4
16456627,0,1956,4
16531460,1,1977,4
16538871,1,1978,4
16540031,1,1992,4
16547438,1,1948,4
16548053,0,1969,4
16549282,1,1991,4
16586221,1,1986,4
16619331,1,1991,4
16654326,1,1956,4
16687188,1,1953,4
16697755,1,1981,4
16796041,1,1993,4
16816596,1,1983,4
16876834,1,1987,4
16895618,0,1987,4
16897580,1,1990,4
16904444,1,1990,4
16947603,0,1979,4
17004664,1,1948,4
17027924,1,1948,4
17042416,0,1988,4
17054905,1,1972,4
17079667,0,1956,4
17129481,1,1958,4
17145560,1,1991,4
17186530,0,1975,4
17215442,NaN,1951,4
17240648,0,1985,4
17304440,1,1972,5
17312360,0,1974,4
17316061,1,1980,1
17326060,0,1978,4
17397335,0,1980,4
17412436,1,1988,4
17435961,0,1983,4
17447251,1,1983,3
17481031,0,1977,4
17485328,1,1980,NaN
17489208,0,1949,4
17504709,1,1987,4
17560160,1,1985,2
17563678,1,1985,4
17564169,1,1981,1
17577377,1,1990,4
17578771,0,1967,4
17587485,1,1988,3
17638725,1,1988,2
17639688,1,1982,1
17644976,0,1980,5
17721049,0,1991,4
17724851,1,1981,4
17745727,1,1971,4
17752639,0,1988,4
17756834,0,NaN,4
17776039,0,1988,4
17821435,1,1983,2
17916896,0,1966,4
17934976,1,1997,4
17942510,1,1987,4
17956633,1,1987,4
17970602,1,1976,1
17998487,0,1978,4
17998585,1,1980,2
18011565,1,1988,4
18037727,1,1991,3
18089158,NaN,1990,4
18109224,1,1992,4
18112020,0,1957,4
18112871,1,1985,4
18144320,0,1987,4
18227956,1,1976,4
18238844,0,1981,1
18289203,0,1974,4
18310576,1,1980,1
18313905,0,1976,4
18346407,0,1963,4
18382072,1,1991,4
18434747,1,1972,4
18498215,1,1990,4
18556300,0,1962,3
18570701,1,1969,4
18589647,1,1971,4
18591345,1,1992,4
18608662,1,1973,4
18617888,0,1959,4
18623360,0,1974,4
18658220,0,1990,4
18668572,1,1989,4
18693062,0,1971,4
18701876,1,1973,4
18705061,1,1983,4
18727486,0,1988,4
18760058,1,1946,4
18779480,1,1995,4
18784606,1,1980,4
18804924,0,1989,4
18850776,1,1982,5
18859657,0,1980,5
18888658,1,1978,4
19083393,0,1968,4
19155976,1,1994,4
19246122,NaN,1983,2
19258278,NaN,1974,1
19295721,0,1968,4
19305956,1,1986,4
19310228,0,1980,4
19314225,0,NaN,4
19382449,0,1975,4
19460089,1,1964,4
19472429,1,1986,4
19483680,0,1976,4
19506961,1,1973,4
19566683,0,1988,4
19571556,0,1978,4
19691215,1,1984,4
19723491,1,1981,4
19743660,1,1992,4
19882614,0,1976,4
19889595,1,1993,4
19957642,1,1977,4
19993750,1,1974,4
20029003,1,1990,2
20046038,1,1960,4
20080661,0,1960,1
20159293,1,1990,4
20201869,1,1990,2
20212455,0,1972,4
20435835,0,1946,4
20461419,0,1944,4
20485089,1,1985,4
20487044,1,1971,4
20488292,1,1989,4
20619880,1,1986,4
20643153,0,1975,4
20656191,1,1987,4
20679843,1,1985,4
20751098,0,1971,2
20919434,1,1959,4
20954990,0,1977,4
21008974,0,1965,2
21053422,1,1989,4
21123611,0,1934,4
21148527,0,1984,4
21156014,1,1995,1
21182582,1,1988,4
21223300,0,1984,4
21375121,1,1972,4
21425163,1,1979,4
21445028,0,1968,4
21449479,1,1982,4
21520456,1,1950,4
21554736,0,1994,3
21600996,0,1981,5
21616655,1,1976,4
21620295,0,1978,4
21626832,0,2000,5
21675274,0,1967,4
21682546,0,1969,4
21686191,1,1987,4
21707983,1,1979,4
21740223,1,1990,2
21747362,1,1985,4
21796452,1,1982,4
21807454,0,1975,1
21809300,1,1981,4
21812630,1,1983,4
21820044,1,1981,4
21845736,1,1993,4
21912195,0,1975,4
21951647,1,1980,4
21961636,1,1991,4
21993309,1,1987,4
22005168,1,1990,4
22051109,0,1976,2
22054026,1,1980,4
22054906,1,1991,4
22091581,0,1984,4
22175620,1,1977,4
22192955,1,1991,4
22220344,1,1980,4
22232870,0,1963,4
22323533,1,1970,4
22328300,1,1968,4
22383791,1,1994,4
22386019,1,1984,4
22405577,1,1985,4
22512818,1,1980,4
22531770,0,1977,4
22538960,1,1965,4
22587099,1,1983,4
22596076,1,1993,4
22608233,1,1987,4
22769611,1,1983,1
22787410,0,1963,1
22795567,1,1979,4
22826326,1,1967,4
22839475,0,1984,2
22875015,1,1990,4
22957679,1,1969,4
23024198,1,1990,4
23075269,1,1972,4
23077322,0,1975,4
23104051,1,1980,1
23105081,1,1980,2
23168247,1,1988,4
23213874,0,1974,4
23217753,1,1982,5
23223898,1,1976,4
23224082,1,1978,4
23242546,1,1981,4
23247502,0,1948,4
23251048,1,1958,4
23317208,1,1973,4
23334389,1,1967,4
23336089,1,1989,4
23337497,0,1980,4
23340658,0,1988,1
23345225,0,1975,4
23355835,1,1978,2
23375001,1,1971,4
23406052,1,1992,4
23411176,1,1979,4
23443442,1,1986.75,4
23517690,0,1987,4
23521579,1,1974,4
23522693,1,NaN,4
23543313,1,1987,4
23547198,0,1987,4
23553656,1,1974,4
23591197,1,1994,4
23623869,1,1987,4
23650180,1,1988,4
23665666,1,1993,4
23670939,1,1974,4
23673790,1,1984,4
23744591,1,1967,4
23772938,1,1982,1
23802785,1,1990,4
23824143,1,1989,4
23876749,1,1983,4
23911725,1,1977,4
23929712,1,1981,4
24011546,1,1993,4
24027594,1,1990,4
24046872,1,1983,4
24067153,0,1989,4
24074553,1,1989,4
24095706,1,1993,4
24114057,1,1990,4
24173893,1,1964,1
24209963,0,1986,4
24344261,1,1977,4
24344461,1,1989,4
24363231,1,1967,4
24376324,1,1991,4
24406012,1,1956,4
24441171,1,1985,4
24463173,0,1995,4
24470537,1,NaN,4
24476975,1,1980,4
24522352,1,1960,4
24568222,1,1979,NaN
24569746,1,1975,4
24638858,1,1992,2
24658460,0,1975,4
24739635,1,1985,4
24793083,0,1951,4
24910681,1,1993,4
24961327,1,1988,4
24968815,1,1953,5
25011568,1,1994,4
25031619,1,1989,4
25049348,0,1976,4
25090998,1,1967,1
25102592,1,1972,4
25139243,0,1982,4
25142445,1,1976,4
25169130,1,1987,4
25306377,0,1964,4
25327020,0,1976,4
25330884,NaN,1983,4
25338134,1,1984,4
25343166,1,1970,4
25397265,1,1975,4
25486377,0,1982,5
25504874,1,1972,4
25505266,1,1974,4
25518267,0,1984,4
25561815,1,1981,4
25602626,0,1979,4
25615072,1,1981,4
25685740,1,1985,4
25807866,1,1985,4
25862924,1,1987,4
25920698,0,1990,1
26025526,1,1959,4
26030462,0,1962,4
26032633,1,1982,1
26051041,1,1994,4
26077444,0,1967,4
26091325,1,1991,4
26100448,0,1979,5
26108207,1,1992,4
26120516,1,1987,4
26145835,1,1994,4
26274866,0,1975,4
26277872,1,1975,4
26288984,1,1974,4
26307953,1,1973,4
26328096,1,1986,4
26526284,0,1948,4
26565850,1,1964,4
26605317,1,1979,4
26626778,1,1958,4
26672119,1,1983,4
26697363,1,1991,2
26750616,1,1959.85,4
26773418,1,1979,4
26861679,1,1965,1
26864286,0,1986,4
26934762,1,1989,4
26936084,0,1978,3
27003232,1,1983,1
27112840,1,1993,4
27155420,1,1991,1
27167575,1,1966,4
27198592,0,1966,4
27254725,1,1994,4
27260554,1,1993,4
27310424,0,1976,4
27371913,1,1993,4
27519133,1,1982,4
27540864,1,1975,1
27542169,1,1990,4
27569444,1,1980,4
27619987,1,1968,1
27633619,0,1980,4
27640903,1,1974,4
27646610,1,1974,4
27694069,0,1987,4
27761720,1,1994,4
27813723,1,1992,4
27891060,0,1981,5
27918862,1,1978,4
27956258,1,1986,4
27984791,1,1986.5,4
27996959,1,1987,4
28013067,1,1985,4
28034370,1,1992,4
28152959,1,1977,4
28157799,1,1967,4
28158744,0,1987,1
28170925,1,1982,4
28190854,1,1986,4
28223191,1,1984,4
28249793,0,1957,4
28260118,1,1969,4
28270328,0,1971,4
28333766,1,1985,4
28346145,1,1970,4
28409935,0,1972,1
28445180,1,1980,5
28531270,1,1970,4
28572975,0,1985,2
28610967,1,1975,4
28614025,1,1976,4
28642488,0,1956,4
28688420,1,1990,4
28709809,1,1984,4
28717534,1,1974,4
28741336,1,1987,4
28918252,0,1973,4
28922122,1,1988,1
28928735,0,1963,4
28990122,0,1968,4
29068634,0,1979,3
29105100,1,1983,4
29127610,1,1990,4
29132948,1,1982,4
29142475,1,1981,1
29176540,1,1973,4
29283906,1,1985,4
29345746,0,1983,4
29363402,1,1991,2
29366431,1,1989,4
29410371,0,1979,4
29478618,1,1980,4
29479002,0,1979.5,4
29506510,1,1990,4
29579036,1,1977,4
29584756,1,1962,4
29607309,0,1991,4
29610866,1,1989,4
29830066,1,1950,4
29836145,0,1983,4
29859592,1,1974,4
29871516,0,1986,4
29885625,1,1993,4
29907971,1,1987,1
29965907,1,1994,4
30013968,1,1986,4
30017722,1,1957,4
30098713,1,1959,4
30134334,1,1985,4
30227100,1,1979,4
30247831,1,1991,2
30314509,0,1962,4
30349960,1,1989,4
30398664,1,1984,1
30469473,1,1980,5
30500943,1,1992,4
30560989,1,1995,4
30574904,1,1987,NaN
30612357,0,1990,1
30679196,1,1989,4
30712159,1,1989,4
30729030,1,1988,1
30763639,1,1994,4
30767096,0,1995,4
30820485,1,1987,4
30920164,1,1985,4
30933884,1,1970,4
30948196,0,1984,1
30997364,1,1992,4
31061641,1,1965,1
31071868,1,1977,4
31220313,1,1991,4
31328365,0,1956,4
31349248,0,1992,3
31455575,1,1977,4
31484282,1,1976,4
31538773,1,1973,4
31592650,0,1983,4
31639656,0,1988,1
31836615,0,1985,4
31879215,0,1986,4
31893543,0,1989,4
31905992,1,1978,4
32242890,1,1994,4
32245274,0,1986,4
32272015,1,1970,4
32313316,0,1982,3
32342259,1,1992,4
32425125,0,1970,4
32454454,1,1977,1
32474421,1,1977,4
32549836,1,1994,4
32596943,0,1976,4
32623738,0,1986,4
32694145,1,1984,4
32798125,0,1986,4
32820611,0,1960,4
32824589,1,1981,1
32884430,0,1955,4
32893188,0,1981,4
32935113,1,1984,4
32953389,1,1995,4
33105358,1,1967,4
33125629,0,1942,4
33130809,1,1996,4
33155723,1,1978.5,4
33161856,1,1974,4
33192306,0,1982,4
33354054,1,1989,1
33391247,0,1985,4
33524930,0,1983,4
33540809,1,1973,1
33563474,1,1985,1
33578638,1,1990,2
33685656,1,1989,4
33714970,0,1990,4
33739610,1,1992,4
33761943,1,1983,3
33906712,NaN,1985,4
33909222,1,1983,4
33913938,1,1969,4
33914461,1,1980,4
33939213,0,1991,4
33939485,1,1982,4
33960377,0,1947,4
34010194,1,1995,4
34338754,0,1981,4
34382104,1,1984,4
34414118,1,1985,5
34426275,1,1991,4
34465025,1,1971,4
34601815,1,NaN,4
34629915,1,1986,4
34685031,1,1989,4
34758697,1,1964,4
34784999,1,1981,1
34803187,0,1994,4
34838732,1,1976,4
34847816,1,1991,4
34875507,0,1988,1
35104511,1,1979,4
35125215,1,1972,4
35168791,0,1956,4
35170490,1,1992,3
35208039,1,1966,4
35236490,1,1990,4
35345021,0,1994,2
35363840,1,1976,4
35418752,1,1963,4
35513134,0,1977,4
35573266,1,1963,3
35634690,1,1990,4
35783146,1,1989,2
35850131,0,1986,4
35865914,1,1996,5
35896583,1,1991,1
35953675,1,1988,4
35982670,1,1988,1
35987884,1,1993,4
36014018,1,1989,4
36140130,0,1982,4
36144546,1,1972,4
36163192,1,1968,4
36200624,1,1994,4
36219521,0,1990,4
36256699,0,1950,4
36397306,1,1986,4
36454358,0,1976,4
36467393,0,1985,4
36509410,1,1972,4
36573122,1,1976,4
36638376,1,1993,4
36696995,0,1983,4
36697124,1,1965,4
36809834,1,1995,4
36837065,0,1996,4
36935456,0,1974,4
37063566,0,1991,4
37071176,1,1981,4
37124344,1,1985,4
37239797,1,1982,4
37424091,0,1982,4
37512058,1,1992,4
37586999,0,1967,4
37655587,1,1978,4
37789184,1,1986,4
37796711,1,1989,4
37830882,1,1962,1
38223643,0,1972.5,4
38297701,1,1980,1
38389185,1,2000,4
38506527,1,1983,4
38515972,1,1980,4
38563585,1,1995,4
38652986,1,1979,1
38663278,1,1989,4
38997203,0,1976,4
39029247,0,1955,4
39172835,0,1977,4
39292516,0,1997,4
39439242,0,1993,1
39469866,1,1985,4
39931019,1,1980,4
39987337,1,1976,1
39990623,0,1952,4
40005291,0,1978,2
40035909,1,1986,4
40161926,1,1984,4
40171437,1,1978,4
40173607,1,1990,4
40182941,1,1968,4
40292695,1,1991,4
40295317,0,1993,4
40434496,0,1970,NaN
40510644,1,1984,4
40561960,1,1985,4
40609160,1,1992,4
40794108,1,1991,4
40832166,0,1988,4
40957711,0,1984,4
40962780,1,1991,4
40975488,1,1986,5
40995527,1,1979,4
41099251,1,1960,4
41248098,1,1983,4
41257329,1,1993,4
41305291,0,1963,4
41354761,1,1990,3
41456869,1,1955,4
41462009,0,1976,4
41525714,1,1983,4
41628383,0,1971,4
41636299,1,1989,4
41645088,0,1981,4
41711631,1,1990,4
41729544,1,1957,1
41735877,0,1960,4
41855514,0,1986,4
42039963,1,1993,4
42102606,1,1982,4
42251312,1,1996,4
42295510,1,1988,4
42365904,1,1991,4
42490893,0,1976,4
42506129,0,1966,4
42506370,1,1974,4
42545304,1,1995,4
42553663,1,1986,4
42703067,1,1984,4
42738076,1,1957,4
42763055,1,1961,1
42772644,1,1979,4
42802175,1,1992,4
42812812,0,1983,5
42856435,1,1961,4
42934146,0,1979,4
42986220,1,1979,4
42992186,1,1994,4
43000103,1,1995,4
43014623,1,1991,4
43020875,1,1984,4
43087457,1,1962,4
43176795,1,1961,4
43180318,1,1970,5
43254420,1,1995,4
43269917,1,1988,4
43364802,0,1980,2
43430160,1,1993,4
43454147,1,1985,4
43454966,0,1988,4
43569052,1,1985,4
43697254,1,1990,4
43703913,1,1990,1
43930655,1,1991,4
44065128,0,1995,1
44152437,1,1987,1
44191726,NaN,1974,2
44274434,NaN,1988,4
44279924,1,1977,4
44321736,1,1979,4
44491943,1,1993,1
44608337,0,1952,4
44653967,1,1975,4
44749853,1,1968,4
44851386,0,1978,4
44867013,0,1962,4
44978811,1,1981.33,2
45048965,0,1992,4
45087251,1,1985,4
45154795,1,1991,4
45175775,0,1988,4
45479392,1,1993,2
45515543,1,1964,4
45568773,1,1970,4
45616566,0,1977,NaN
45680140,1,1979,5
45755798,0,1958,4
45889756,1,1986,1
46183397,1,1974,4
46262783,0,1985,4
46566338,0,1987,4
46613999,0,1969,1
46701935,1,1996,2
46776409,0,1964,4
46939915,0,1975,4
47163502,1,1993,4
47165038,1,1952,4
47189902,1,1992,4
47253507,1,1987,4
47256718,0,1981,4
47379451,1,1966,4
47387465,1,1979,4
47443843,1,1993,4
47524882,1,1983,4
47608808,0,1985,4
47687582,0,1985,4
47730142,1,1993,4
47785185,1,1968,4
47805707,1,1987,4
47939756,0,1968,4
48147752,0,1961,NaN
48222687,1,1991,4
48308711,0,1952,4
48398662,1,1987,4
48547884,1,1968,4
48639523,1,1969,4
48898594,0,1959,4
49137142,0,1974,4
49168103,1,1984,4
49237943,1,1956,4
49454625,1,1990,3
49542532,1,1973,4
49752297,0,1982,4
49824599,1,1977,4
49862659,0,1995,4
50179125,1,1992,4
50215823,1,1970,4
50251845,1,1984,4
50280048,1,1972,NaN
50488430,1,1984,4
50833514,0,1981,4
51054989,1,1983,4
51203406,0,1975,4
51205938,1,1991,4
51244561,1,1995,1
51420078,1,1991,4
51480688,1,1992,1
51515404,0,1992,4
51533650,0,1963,1
51548400,0,1958,4
51572885,0,1978,4
51644706,1,1986,1
51779335,0,1972.5,4
51878780,1,1993,4
51881296,1,1991,2
51913984,1,1978,1
52057534,0,1971,4
52232061,1,1994,4
52286180,0,1978,3
52311538,1,1992,1
52591709,1,1980,1
52763277,0,1975,4
52928272,1,1980,4
53179626,NaN,1993,4
53259694,1,1978,1
53283576,1,1992,4
53423776,1,1968,4
53495555,1,1983,4
53757127,1,NaN,1
53766256,0,1989,4
53945656,0,1975,4
54110485,1,1970,4
54603287,1,1997,3
54686942,1,1981,4
54701103,0,1979,4
54722700,1,1994,4
55010146,0,1977,3
55356990,1,1983,4
55608667,0,1972,4
55640943,1,1994,4
55891221,1,1993,4
55977340,1,1974,4
56048947,0,1966,4
56167825,0,1974,4
56179623,1,1992,4
56320740,1,1981,5
56409657,0,1976,4
56428877,1,1986,1
56528234,1,1995,4
56548950,0,1990,4
56686273,1,1971,4
56819049,0,1975,3
57450391,1,1992,2
57597475,1,1968,4
57746727,1,1982,1
57877128,0,1992,4
58008015,1,1986,4
58113148,1,1994,1
58159871,1,1994,4
58219308,1,1984,1
58305233,1,1994,4
58565444,0,1977,4
58608740,0,1987,4
58733362,NaN,1980,5
58904749,0,1969,4
59030235,0,1990,4
59045313,1,1984,4
59791160,1,1983,4
60056593,0,1968,4
60119550,1,1990,4
60149360,1,1990,4
60445040,1,1991,4
60642064,1,1961,4
60946144,0,1989,1
61360050,0,1969,4
61372244,1,1992,4
61654870,1,1989,4
61663024,1,1994,4
61668553,1,1982,4
61681020,0,1970,4
61786333,1,1996,4
62062507,1,1992,5
62126010,1,1968,4
62423992,0,1993,4
62668766,1,1995,4
62709602,0,1992,4
62713503,0,1983,4
62990956,1,1970,4
63010830,0,1976,4
63334547,1,1967,4
63354277,1,1988,4
63375358,1,1988,1
64007404,1,1989,4
64057356,0,1984,4
64087986,0,1973,4
64253903,1,1993,4
64298629,0,1977,4
64317799,1,1986,1
64767254,1,1991,4
64814884,1,1993,4
65077900,1,1980,4
65166147,1,1994,4
65253993,0,1975,4
65418191,1,1995,4
65802548,0,1989,4
65937383,0,1980,4
65961413,1,1991,2
65962574,0,1981,4
65974777,0,1993,1
66441787,0,1970,4
66450864,1,1994,4
66501057,1,1995,1
66532172,1,1980,4
66565691,1,1987,1
66884741,1,1993,4
66986565,1,1970,4
67163915,1,1996,4
67190337,1,1977,5
67428233,1,1990,4
67433433,1,1992,1
67446996,1,1991,1
67493813,1,1980,5
67685363,1,1988,4
67750486,0,1981,4
67770025,1,1993,1
67780480,1,1978,4
67804341,1,1991,5
67811119,1,1996,4
67830958,1,1991,2
67901623,1,1993,4
68014631,1,1983,4
68018911,1,1988,4
68070807,1,1982,3
68150274,1,1991,4
68526592,1,1991,4
68903271,1,1986,1
68904928,0,1971,4
68923284,0,1985,4
69085215,1,1982,4
69129369,0,1997,4
69142864,0,1985,4
69404220,1,1996,4
69639907,1,1968,4
69642227,1,1969,4
69938164,0,1974,4
70020271,0,1960,4
70138080,1,1996,4
70170876,0,1978,4
70239709,1,1990,4
70265196,1,1990,4
70517435,0,1990,4
70641718,1,1982,4
70869342,0,1967,4
71162391,NaN,1979,4
71507676,0,1981,4
71723098,0,1991,4
72093592,1,1996,NaN
72408746,1,1993,1
72683222,1,1988,2
72693417,1,1998,1
73205164,0,1974,1
73232250,1,1984,4
73253214,1,1989,4
73261079,0,1995,1
73283518,1,1980,4
73307410,1,1986,3
73498586,1,1993,1
73513591,1,1982,1
73543185,1,1976,4
73559234,1,1994,3
73684316,NaN,1978,NaN
73694228,0,1989,3
73703405,1,1983,4
73720914,1,1987,4
73736964,1,1994,1
73881400,1,1962,4
73972269,0,1993,1
74016569,1,1988,4
74148207,1,1984,4
74361846,NaN,1982,4
74597892,0,1997,2
74819044,1,1982,4
74823468,1,1983,1
75185108,0,1964,4
75382761,0,1990,4
75457899,1,1970,5
75458059,1,1997,4
75704004,1,1994,4
75911740,1,1995,4
76076958,1,1970,4
76231594,1,1966,4
76234324,0,1969,4
76327781,0,1970,4
76638230,0,1966,4
76848451,1,1994,5
77126683,1,1988,1
77284974,1,1979,4
77323350,0,1967,4
77387104,0,1981,4
77493034,1,1990,4
77570434,1,1987,4
77594381,0,1975,4
77594970,1,1979,4
77674358,0,1976,4
77875782,0,1985,4
77968866,1,2001,4
78170242,1,1977,4
78365468,0,1986,4
78394144,1,1986,4
78761632,1,1961,4
78774879,1,1974,4
78789558,1,1994,3
79018480,1,1982,4
79204377,0,1981,4
79215153,0,1989,4
79290701,1,1968,4
79719002,0,1974,4
80342641,1,1992,1
80602838,1,1989,4
80640732,1,1981,4
80841626,1,1982,4
80914459,1,1992,4
80957658,1,1963,4
81181474,0,1980,4
81395899,1,1996,1
81455584,1,1946,4
81602912,0,1971,4
81946585,1,1987,5
82147957,1,1988,4
82182729,0,1984,4
82187706,1,1990,4
82273425,1,1990,4
82290403,0,1981,4
82359573,1,1979,4
82363745,0,1983,5
82504828,1,1996,4
82780174,1,1991,4
83103682,0,1993,3
83398593,1,1983,4
83399005,0,1969,4
84001457,1,1985,5
84100749,0,1984,4
84155323,0,1980,4
84164465,1,1995,4
84536033,1,1974,4
84667398,0,NaN,4
84940905,1,1990,1
85564222,0,1990,4
86187517,0,1970,4
86512669,0,1982,4
86560527,1,1989,4
86570726,1,1996,4
86648893,1,1976,4
86791419,1,1997,3
86865651,1,1992,4
87033875,1,1984,4
87463442,1,1987,4
87490092,1,1985,2
87495770,1,1981,1
87577836,0,1985,4
87752958,1,1978,4
88347876,0,1967.5,4
88590798,0,1990,1
88832928,0,1981,4
88844819,0,1982,4
89066994,1,1995,2
89080686,1,1987,1
89362464,1,1986,4
89400803,0,1988,4
89493940,1,1978,4
89586377,1,1985,4
89637046,1,1962,4
89834371,0,1990.5,4
90223445,0,1986,2
90269283,0,1992,4
90280088,0,1973,4
90289912,0,1992,1
90659577,1,1991,5
90752658,1,1969,4
90994852,1,1997,3
91150558,1,1990,4
91254681,0,1979,4
91500642,0,1996,4
91966203,0,1994,1
92176855,0,1998,1
92435171,1,1998,4
92585536,0,1985,3
92809357,0,1952,2
92828814,1,1989,4
93044940,0,1990,2
93113757,1,1994,1
93200746,1,1993,4
93202822,0,1965,5
93536865,0,1988,4
93550545,0,1976,3
93710676,1,1983,4
93719000,1,1965,4
93986847,1,1991,NaN
94438932,1,1997,1
94493245,1,1985,4
94588044,1,1985,4
94728816,1,1994,4
94858206,1,1981,4
95252900,1,1970,4
95299054,1,1982,4
95360868,1,1990,4
95491031,1,1994,NaN
95685368,0,1960,4
95972821,0,1992,2
96573740,1,1990,4
97277578,0,1955,NaN
97293439,0,1993,4
97559891,1,1978,4
97734004,1,1987,4
98939678,1,1979,4
98987041,1,1993,4
99024118,1,1995,4
99024553,0,1997,2
99025827,0,1984,4
99801455,0,1955,4
99909169,NaN,1985,4
100277574,1,1976,4
100365352,1,1990,4
100373646,1,1972,4
100714925,1,1997,5
100905121,1,NaN,4
101635595,0,1993,2
101665807,1,1995,2
102448444,1,1973,4
102835408,1,1979,4
102864502,1,1969,4
102872465,0,1990,4
103453644,1,1989,4
103570925,0,1977,2
104729015,0,1965,4
104876205,0,1992,4
104915685,0,1993,1
104921135,0,1979,4
104958557,0,1989,4
104967791,0,1990,4
105040826,0,1974,4
105364649,0,1990,4
105625400,1,1985,4
105646121,0,1974,4
105867449,1,1970,4
105934455,1,1975,4
105943504,1,1969,4
106269404,0,1989,4
106513666,1,1987,4
107031829,0,1985,3
107291949,0,1985,2
107597358,1,1970,4
107836666,1,1980,4
108166052,1,1983,1
108442756,1,1976,4
108553168,1,1980.67,4
108722041,1,1986,1
108736461,1,1980,4
108855018,1,1990,4
109035228,0,1970,4
109135702,1,1981,4
109141099,0,1991,4
109148067,1,1965,4
109376623,1,1969,4
109406812,0,NaN,4
109457750,0,1972,4
109617442,1,1992,4
109930518,1,1962,4
110321152,0,1986,2
110514510,1,1988,4
110526247,1,1989,4
110695018,1,1976,4
110869572,1,1991,5
111056909,1,1986,3
111412057,0,1981,4
111515709,0,1985,4
111626535,0,1981,4
112034770,1,1993,1
112319854,1,1996,1
112531904,1,1970,4
112626917,1,1991,1
112892432,0,1974,4
112911677,1,1985,1
113082181,1,1985,4
113093901,1,1978,4
113559791,1,1978,4
113757853,0,1990,4
113993356,1,1968,4
114019584,1,1996,5
114272678,1,1991,1
114404673,1,1976,4
114970302,1,1993,2
115360002,0,1986,4
115433242,0,1968,4
116037845,1,1996,4
116493225,1,1991,4
117332477,1,1979,4
117787715,0,1976,4
117795400,0,1984,4
117912833,0,1989,5
118156180,1,1997,4
118531641,1,1995,1
118738723,0,1972,4
118872440,1,1988,4
118944861,0,1980,4
119174334,0,1992,4
119295515,0,1985,1
119614587,1,1990,1
120839897,1,1967,4
121295917,1,1989,4
121340181,0,1979,4
121656518,0,1983,4
121844359,0,1988,2
122567099,1,1986,4
122830450,1,1979,2
123027374,0,1991,1
123395194,0,1958,4
123915091,1,1951,4
124002365,1,1992,4
124236002,1,1944,1
124241281,0,1986,2
124616387,1,1996,4
124714713,0,1990,3
125120336,1,1975,4
125505919,1,1977,1
125811408,1,1981,4
125852275,1,1990,4
125860658,1,1994,4
126009360,1,1995,4
126105914,0,1976,1
126187405,0,1970,4
126255536,1,1985,4
127375128,1,1985,4
127620452,1,1970,1
128247620,1,1964,4
128602486,0,1975,4
128637180,1,1977,4
128745116,1,1988,4
129078125,1,1980,5
129136211,1,1990,5
129278916,1,NaN,4
129520050,0,1967,4
130016130,1,1994,4
130074825,0,1969,4
130339929,1,1967,4
130350369,1,1985,4
130607286,0,1969,4
130642670,0,1987,1
130803056,1,1985,3
131088528,1,1992,4
131090219,0,1990,4
131302634,1,1983,4
131514108,1,1995,4
131747914,1,1990,2
132239282,0,1978,4
132256020,1,1985,4
132567655,0,1976,4
132669926,0,1984,4
132738666,1,1983,4
132971197,1,1997,4
133009895,0,1978,4
133036816,1,1982,4
133818632,0,1982,4
133954977,NaN,1976,4
134247769,1,1979,4
134343049,0,1990,4
134630078,1,1992,3
135319479,1,1979,4
135655082,0,1989,1
135780119,NaN,1994,4
135928020,1,1969,4
136076540,0,1971,4
136154566,1,1969,4
136781019,0,1982,4
137661868,0,1989,2
137899163,1,1997,5
138485279,0,1985,4
138510436,0,1968,4
138518909,0,1990,4
138670647,0,1989,4
138691514,0,1990,1
138808406,0,1982,4
139087965,1,1978,1
139219473,0,1986,1
139277276,1,1994,4
139532149,1,1987,1
139847757,1,1980,4
140067374,1,1987,4
140438543,0,1977,4
141774315,1,1974,4
141794099,1,1990,4
142081179,1,1972,2
142864132,0,1981,4
143408141,0,1960,4
144224613,1,1967,4
144605875,1,1992,5
144746392,1,1986,3
145328224,0,1978,2
147088695,1,1984,4
147982117,0,1985,4
148151249,1,1985,4
148202791,1,1997,4
148218734,1,1991,1
148319560,0,1981,4
148560696,0,1986,1
148561554,0,1946,4
148564357,1,1996,4
148916926,0,1966,4
149016985,NaN,1988,5
149515376,1,1986,4
150047469,0,1982,4
150264823,1,1996,4
150492713,0,1974,3
150775931,0,1976,4
151267503,0,1975,4
151612183,1,1985,2
152003864,0,1989,4
152736052,0,1985,4
153494612,1,1996,1
153595733,1,1983,5
153677638,0,1952,4
154249346,1,1993,4
154343441,0,1985,3
155063896,0,1994,4
155092993,1,1981.33,4
155404660,1,1966,4
155475471,0,1986,4
155762769,1,1981,4
155825751,1,1992,4
156328651,1,1995,4
156734366,0,1990,4
156792261,0,1976,4
157463142,0,1978,4
157531399,1,1993,4
157571162,0,1992,5
157856554,1,1986,4
157894550,1,1995,4
158122548,0,1989,4
158649769,1,1993,4
158744995,1,1985,4
159210787,0,1974,4
159566350,1,1979,4
159718243,1,1996,4
159860167,0,1982,4
159957735,1,1974,1
159970570,0,1985,4
160006479,0,1993,2
160431379,0,1991,4
160552464,0,1939,4
160668798,1,1995,4
160757217,0,1989,4
161071454,0,1985,3
161209632,1,1985,1
161335500,1,1997,2
161537579,1,1985,4
161550638,0,1992,4
161711324,0,1979,4
161836191,1,1961,4
162038218,1,1991,3
162200000,1,1994,4
162752051,0,1977,4
163198747,0,1988,4
163292084,1,2000,4
163704428,1,1991,5
164082615,1,1988,4
164195449,0,1979,4
164572579,0,1981,4
164671252,0,1985,4
164995621,0,1986,4
165002623,1,1988,4
165212719,1,1996,1
165271837,0,1980,4
165429775,1,1985,4
165508263,0,1961,4
166452885,0,1976,4
166458893,1,1981,4
167277255,1,1974,1
167669892,1,1993,4
167883671,1,1992,4
168172128,1,1992,4
169162973,1,1995,4
169343445,1,1953,4
170105161,1,1963,4
171297954,1,1981,4
171624697,1,1987,2
171777439,1,1994,4
172154757,0,1983,5
172171867,0,1982,1
172481678,0,1983,4
172644834,1,1997,4
173302630,0,1991,4
173412135,1,1995,4
173554412,0,1988,4
173625022,1,1983,4
173977689,1,1994,4
174008576,1,NaN,1
174367426,0,1980,4
174640334,0,1989,3
174681094,1,1954,4
174726742,0,1971,4
174916736,0,1984,4
175220161,1,1976,4
175406218,1,1997,4
175424117,1,1990,2
175628330,1,1997,4
176557817,1,1995,4
176584827,0,1982,3
176634323,0,1973,4
176998914,1,1979,4
177029802,1,1997,3
177354372,1,1985,4
178785257,0,1989,2
178883436,0,1964,4
179399337,1,1990,4
179495582,0,1964,4
179934400,0,1951,4
180554028,1,1996,4
181246119,1,1994,1
181272725,0,1977,1
182215996,1,1987,4
182910150,1,1995,4
183403133,1,1968,4
183632264,1,1989,4
183643026,1,1973,1
183869227,0,1993,4
185187745,0,1979,4
185214663,1,1989,4
185359397,0,1986,4
185396797,1,1996,4
185638332,1,1967,4
185872686,0,1979,4
186271891,1,1980,4
186552155,1,1966,4
187292009,1,1995,4
187772818,1,1973,2
188035831,1,1993,4
188059985,1,1955,4
188354347,0,1966,4
188869064,0,1996,1
189396646,1,1975,4
189715498,0,1973,4
189814213,1,1987,4
189897948,1,1986,4
189947393,1,1991,4
189968415,1,1981,4
189978853,0,1981,4
190750661,1,1985,4
190776123,1,1965,4
190864491,0,1973,4
191853113,0,1994,4
191876585,0,1980,4
192023444,0,1963,3
192361028,1,1988,4
192363167,1,1993,4
192380238,1,1996,4
193059505,1,1977,4
193149989,1,1983,5
193176772,1,1986,3
193464274,0,1985,4
193488444,1,1993,5
193719000,1,1976,4
193749809,1,1986,4
194394101,1,1995,1
195235146,1,1985,4
195429343,0,1988,4
195431327,0,1980,4
196384710,1,1993,4
196390131,1,1968,4
196791586,1,1979,4
196867688,1,1982,4
197155165,1,1995,4
197641133,0,1987,4
198142448,0,1986,4
198621450,1,1987,4
199058640,1,1982,4
199622102,0,1975,4
199867999,0,1981,4
200271529,1,1996,4
201037807,1,1994,1
201130894,1,1976,4
201464761,1,1990,4
202359122,0,1987,4
202852738,0,1987,4
202929631,1,1988,2
203160395,1,1965,4
203426938,1,1989,4
203593004,1,1984,2
203598484,1,1993,1
204449664,0,1992,4
205042068,0,1983,4
205587937,0,1966,4
205833553,1,1960,4
206636966,1,1979,4
207164630,0,1985,4
207226664,1,1982,2
207415695,1,1997,2
208185508,1,1973,4
208565610,1,1959,4
208823252,1,1968,4
209310709,0,1975,4
209783736,0,1990,4
210434332,1,1991,4
210811982,0,1997,1
210944144,1,1989,4
211402106,1,1993,4
211684441,1,1988,3
211760837,0,1990,4
211911239,1,1992,4
212271663,1,1971,4
213195756,1,1991,4
213542763,1,1974,4
214257759,1,1995,4
214283657,0,1987,5
214356593,1,1993,4
214961049,0,1958,4
216078878,0,1972,4
216924580,1,1992,4
217366210,0,1977,2
218145119,1,1988,4
218329062,0,1966,4
218940112,1,1971,4
219138283,0,1994,4
219204344,0,1983,4
219855148,1,1963,4
219893308,1,1989,3
220223369,0,1971,4
220713223,0,1988,1
221016983,1,1974,4
221246474,1,1989,4
221264179,0,1982,4
221415923,0,1960,4
221521353,1,1991,4
221600469,1,1976,1
221864061,1,1981,4
222180028,1,1950,4
222188599,0,1992,4
222264347,1,1986,4
222886324,0,1990,4
222953336,1,1983,4
222972716,1,1996,4
223698800,1,1993,4
224106706,1,1992,4
225638402,0,1991,4
225861427,0,1978,1
225891628,0,1988,4
226282163,0,1985,4
227561235,0,1997,4
227693052,1,1984,4
228247078,1,NaN,4
228675518,0,1997,1
229661595,0,1977,4
230373913,1,1977,4
231043601,0,1984,4
231472735,1,1981,4
231664282,1,1967,4
232330276,1,1976,4
232748467,1,1992,1
233092315,1,1964,4
233234890,1,1993,4
233950353,1,1964,4
234221060,1,1991,4
234764142,1,1986,3
235315105,1,1990,4
235344508,1,1985,4
235372201,1,1994,4
236148223,0,1982,4
236199582,0,1978,4
236466016,1,1989,4
236478541,1,1974,1
237066949,1,1992,4
237846669,1,1995,4
238232812,0,1992,4
238693035,1,1994,4
238704779,1,1987,4
239177956,1,1957,4
239233123,1,1995,1
239372834,1,1992,4
239911752,1,1991,4
239975574,0,1978,4
240097251,0,1993,4
240510177,1,1992,4
240860394,1,1980,4
240972649,1,1993,4
241265260,1,1989,4
241457377,1,1990,3
241652764,1,1966,4
242136273,0,1994,4
242546219,1,1965,4
242603089,0,1977,4
243026802,0,1992,4
243257138,1,1976,4
243914308,0,1997,4
243956746,0,1990,4
243969229,1,1993,4
244321461,1,1993,4
244326890,1,1974,4
244674311,0,1956,4
245012097,1,1991,4
245047851,1,1997,4
245157793,0,1961,2
245158685,0,1987,4
245204127,0,1981,4
245476234,1,1988,4
245484018,1,1990,4
245564616,1,1997,2
245652097,1,1994,4
245787645,1,1950,4
246036103,0,1981,2
246059864,1,1995,4
246130498,1,1989,4
246549549,1,1993,4
247015593,1,1987,4
247059779,1,1997,2
247130093,1,1980,4
247130343,1,1989,2
247427155,0,1988,4
247500956,1,1996,3
247578659,1,1986,1
247664818,0,1990,4
248909770,0,1978,4
249227650,1,1994,4
249311215,1,1998,1
249998917,0,1988,4
250349069,1,1993,4
251063392,0,1997,4
251082217,1,1988,4
251208689,1,1997,5
251223299,1,1994,2
251322839,0,1970,4
251476408,0,1993,4
251931074,0,1993,1
252227907,1,1992,2
252597682,1,1995,4
252648352,1,1990,4
253187118,0,1993,4
253350632,1,1988,2
253444761,0,1990,2
253448640,1,1989,2
253629658,0,1970,4
253923628,1,1997,4
254209369,1,1983,4
254702152,NaN,1995,2
254767641,1,1992,4
254857128,0,1987,4
254860038,1,1980,1
255080282,1,1998,1
255608148,1,1993,3
255805677,1,1993,4
256038413,1,1996,4
256303264,1,1995,4
256616750,1,1985,4
256773873,1,1990,3
257090797,0,1976,4
257991488,0,NaN,4
258049544,1,1990,4
258055703,1,1986,2
258526306,1,1996,4
258659694,0,1985,4
259199391,1,1959,4
259410630,0,1981,4
259483482,1,1982,4
259964518,0,1983,4
259992656,1,1994,4
260148289,1,1991,4
260255296,0,1974,4
260570227,1,1984,4
260652583,1,1988,4
260812076,1,1972,4
260864990,1,1969,4
260924893,1,1997,4
260997237,0,1997,2
261397539,1,1943,4
261570576,1,1982,4
261948686,1,1991,4
262589820,0,1990,4
262673727,1,1994,4
262688551,1,1987,3
263782757,1,1965,4
263798565,1,1986.5,1
263900438,1,1991,4
264361827,1,1998,4
264445586,1,1976,4
265072660,0,1974,4
265656693,1,1995,4
266031943,1,1993,4
266213792,0,1987,4
266397380,0,1982,4
266632471,1,1981,1
266854415,1,1989,4
266989246,0,1982,4
267439238,1,1946,4
267910998,0,1988,1
267927665,1,1987,1
268388505,0,1990,4
268630083,1,1981,1
268878698,1,1996,4
269387560,0,1988,1
269572615,1,1992,1
269676746,1,1976,4
270280907,0,1977.67,3
270443198,1,1987,4
271054477,1,1988,4
271289190,1,1983,4
271527932,1,1975,2
271713896,0,1991,4
271996543,1,1960,1
272681625,1,1993,4
273444019,0,1997,4
273655856,1,1990,4
273755377,1,1997,4
274072229,1,1992,4
274332453,0,1977,4
274549227,0,1988,4
274674363,1,1985.67,4
274681695,1,1981,4
274738888,0,1979,4
274768569,1,1988,4
275305376,1,1995,4
276549608,0,1994,4
276670771,1,1981,4
276684958,1,1975,4
277250373,1,1993,4
277279447,1,1998,3
277640455,1,1996,4
279729851,0,1978,4
279898634,0,1988,4
280694229,1,1992,4
281258837,1,1972,4
281295685,1,1997,5
282138713,0,1988.67,4
282390544,1,1993,4
283152453,1,1995,4
283253196,1,1997,4
283352322,0,1963,4
283640896,1,1980,4
283718882,1,1996,4
284206881,1,1994,1
285258825,1,1985,4
285341840,1,1987,1
285363986,1,1966,4
285655428,0,1977,4
285893239,1,1989,4
286480054,1,1991,2
287226948,0,1997,4
287400423,1,1993,4
288577711,0,1983,4
289669285,0,1992,1
290664790,1,1988,2
290747220,0,1975,4
291250989,1,1985,3
291373664,0,1983,4
291454505,0,1994,4
291954019,0,1973.5,5
292551710,0,1993,3
292659314,0,1999,1
292961370,1,1984,4
293252207,1,1995,4
293277214,1,1989,4
294440776,1,1993,4
294772937,1,1988,4
295904130,1,1993,4
296252913,1,1968,4
296430771,0,1979,4
296620092,0,1967,4
296810336,1,1997,2
296840627,0,1966,4
297086049,1,1994.5,4
297142742,1,1990,2
297735071,0,1972,4
298241881,0,1966,4
298314389,0,1993,2
298697536,1,1970,4
298753276,1,1983,4
299420900,1,1994,4
300028558,1,1994,2
300192405,0,1986,4
300662531,1,1977,4
300861598,1,1998,NaN
300952864,0,1986,4
301841318,1,1990,4
302283968,1,1996,4
302351723,1,1992,4
302681727,1,NaN,4
302915220,1,1997,2
303723093,1,1981,4
304100360,0,1982,4
304580086,1,1997,4
304599063,0,1985,4
305165118,1,1991,4
305708387,1,1977,4
305733674,1,1993,4
306495414,1,1996,4
306602256,1,1996,5
306750975,1,1982,4
307195603,0,1961,1
307944356,1,1994,4
308546070,0,1994,4
308636990,1,1982,4
308689825,1,1994,4
308691800,1,1993,4
308816404,1,1988,4
309367094,0,1950,4
309921414,0,1960,4
310618486,1,1998,4
310993378,0,1992,4
311638332,1,1973,4
311670782,0,1975,4
311859625,1,1967,4
312803960,1,1996,4
313442910,1,1988,4
313630804,1,1990,4
313719459,1,1998,4
313954905,0,1987.5,2
314283408,1,1998,4
314967059,0,1962,4
315406712,0,1984,4
315481149,1,1996,4
316176905,1,1992,4
316227972,1,1995,2
316735643,1,1993,4
317134847,1,1989,4
317247656,1,1980,2
317413627,1,NaN,5
317911064,0,1990,4
317987992,1,1995,4
319185927,1,2000,4
319336045,1,1997,4
319521300,0,1981,4
319842777,NaN,1988,4
320862338,0,1997,4
321566222,1,1974,4
322194483,0,1992,4
322734024,1,1964,4
322750538,1,1992,4
322812533,0,1984,4
323239270,1,1992,1
323246815,1,1979,4
323272526,0,1973,4
323395220,0,1981,1
323459179,0,1994,4
323530660,1,1995,4
323583657,1,1981,4
323990437,1,1992,4
324029703,1,1992,5
324448496,1,1997,4
325345235,0,1997,4
325577972,0,1995,2
325779979,1,1988,4
326495605,1,1993,4
326642263,0,1949,4
326792265,0,1994,4
326885884,1,1963,4
326965199,1,1998,4
327114794,1,1995,4
327200634,1,1994,5
327211934,0,1984,1
327614166,0,1976,4
327614924,1,1990,4
327726855,1,1994,4
327821152,0,1974,2
328237153,1,1994,4
328506487,0,1970,4
328803171,0,1992,4
329321625,0,1997,5
329339197,1,1959,4
329471635,0,1985,4
329482538,1,1990,3
329746462,1,1997,4
330028248,1,1996,4
330086831,1,1991,4
330447681,1,1994,1
330472280,0,1989,4
330831529,1,1987,3
330917518,0,1986,4
331308334,1,1992,3
331412498,0,1985,1
331616062,1,1987,4
331997317,1,1996,4
332628187,0,1992,4
332676623,1,1997,5
333015324,1,1988,1
333160830,1,1977,4
333176699,1,1994,4
333214160,0,1997,4
333526237,0,1987,4
333712744,1,1961,4
334083471,1,NaN,1
334213203,1,1986,4
334291768,1,1957,4
334718790,1,1994,4
335163457,1,1996,1
335410275,1,1997,2
335469639,1,1997,4
335474206,0,1997,4
335490080,1,1980,2
335530044,1,1997,4
335768825,0,1994,2
336082918,0,1984,4
336896692,1,1975,4
337395446,1,1996,4
337822864,0,1981,4
338440407,1,1990,4
338703805,1,1997,2
338817556,1,1996,4
339517674,0,1996,4
339932236,1,1996,4
340120473,1,1994,2
340259514,0,1982,4
340429755,1,1975,4
340485275,1,1995,4
341238925,1,1976,4
341819064,0,1993,4
342126665,0,1989,4
342420611,1,1972,4
342461238,1,1994,4
342510958,0,1984,2
342906734,1,1997,4
343232499,1,1997,4
343454137,0,1983,4
343698806,0,1980,4
344511087,1,1994,4
345488256,0,1974,4
345507673,0,1974,4
345725789,0,1975,4
345773884,0,1986,4
346349983,1,1997,4
346385031,0,1989,4
346605829,1,1973,4
347031563,1,1962,5
347251053,0,1980,4
347449468,0,1983,2
347576698,1,1960,4
347580883,1,1994,4
347598282,1,1996,4
348092086,1,1995,1
348219347,1,1969,4
348614130,1,1955,4
348680210,1,1998,3
348732276,1,1997,1
349197096,1,1998,4
349319127,1,1995,4
349324588,0,1978,2
350033957,0,1982,4
350303845,0,1974,1
351170981,1,1995,4
351722270,0,1979,4
351810381,1,1990,4
351965235,NaN,1998,4
351973809,0,1952,4
351982891,0,1978,4
352051200,1,1992,4
352076144,1,1993,4
352617999,0,2001,4
352787484,1,1990,4
353194949,1,1986,4
353400696,1,1989,4
353957829,0,1994,1
354348669,1,1985,4
354407369,1,1993,4
354675152,1,1997,4
354830968,1,1997,4
355032949,1,1994,4
355259150,1,1996,4
356496523,1,1957,4
357111355,1,1989,4
359110915,1,1994,4
359220809,0,1977,3
360956023,1,1995,4
361152628,0,1981,4
361221950,1,1988,4
361444774,0,1985,4
362179671,0,1992,4
362222987,0,1992,4
362659976,1,1974,2
362896236,1,1992,4
363689472,1,NaN,1
363701612,1,1978,4
363943044,1,1996,1
363974611,1,1997,4
363992465,1,1983,2
364027143,0,1986,4
364066732,1,1992,4
365192218,1,1992,4
365829310,1,1986,4
366022299,1,1989,4
366174301,0,1991,4
366530970,0,1990,4
366961277,1,1989,4
367258306,0,1978,4
368381657,1,1980,1
368504837,0,1993,4
368691953,1,NaN,2
368957972,1,1993,4
369332000,1,1992,4
369748382,1,1994,4
369771361,1,1990,4
369773592,1,1996,4
369832110,1,1992,1
369859207,0,1977,4
370152408,1,1988,4
370320469,NaN,1989,4
370451043,1,1977,4
370462457,1,1990,4
370699097,1,1981,4
370946722,0,1994,4
370980049,1,1988,4
371175491,0,1984,4
371493803,0,1983,4
372031280,1,1989,4
372380234,1,1997,4
372498248,0,1964,4
373181471,0,1982,4
373623232,1,1997,4
374221319,1,1986,4
374499757,1,1990,4
375179702,1,1995,1
375841470,0,1967,1
376249423,1,1960,4
376300171,1,1994,4
376404432,0,1984,4
377046771,0,1995,4
377294210,0,1948,4
377666108,1,1992,4
377685390,0,1991,4
377744411,1,1985,4
377782593,0,1959,4
378160687,0,1987,1
379046348,0,1981,2
379697738,1,1995,2
379789833,1,1990,4
379828689,1,1994,1
379999522,1,1993,4
380100886,0,1997,2
381698459,0,1989,4
382303183,1,1976,5
382480516,1,1993,4
383559157,1,1989,4
384038133,1,1944,4
384546275,0,1977,4
384597747,1,2000,2
384623781,1,1995,4
385041438,1,1992,4
385556176,1,1986,4
386335740,1,1994,4
386691675,1,1992,4
387810069,1,1987,4
388328258,1,1989,4
388613064,1,1993,4
388664920,0,1992,4
388736426,1,1970,1
389100921,1,1987,4
389234221,1,1962,4
389748352,1,1994,4
389773311,0,1971,4
389855422,0,1963,4
390263180,1,NaN,4
390364452,0,1997,4
390390104,0,1977,4
391008565,0,1997,2
391021943,1,1981,4
392044767,1,1994,4
392301640,1,1991,4
392413732,1,1981,4
392425165,1,1997,5
392985977,1,1985,4
393350033,0,1970,4
393700749,1,1990,4
393804273,1,1989,4
393827132,0,1984,NaN
394693356,0,1977,4
395037577,1,1994,4
395320036,0,1984,5
395456865,1,1994,4
395522232,1,1997,3
396971059,1,1987,3
397312303,1,1978,4
397682629,0,1972,4
397735882,1,1996,4
398184177,0,1980,4
398232637,1,1997,4
398454308,1,1984,4
398471887,1,1995,4
398737910,0,1985,4
398985233,1,1964,4
399386737,0,1994,1
399803409,1,1983,4
400174123,0,1959,4
400449452,0,1993,4
400902561,1,1981,4
400927358,1,1996,4
401072530,0,1984,4
401458246,1,1999,3
401507572,1,1996,4
402353785,1,1997,1
402833585,0,1975,4
403662373,1,1995,4
403714540,1,1996,2
404123521,1,1989,4
404320133,1,1994,4
404349377,1,1996,4
404568697,1,1992,4
404583530,0,1985,4
405039912,0,1994,4
405074580,1,1991,4
405310411,1,1985,4
405607938,1,1994.5,4
405869085,0,1991,4
405916506,0,1972,4
405994748,1,1990,4
406488055,1,1996,4
407455765,1,1983,4
407811925,1,1966,4
408027328,0,1997,4
408234261,1,1994.5,5
409642220,1,2002,4
409695874,0,1988,4
410198865,1,1993,4
411162914,1,1991,1
411286431,0,1997,4
411927454,0,1977,4
412578747,1,1994,5
413186058,1,1986,2
413238169,0,1988,4
413294359,1,1992,1
414462221,1,1977,1
414601735,1,1994,4
414871589,0,1988,4
414971381,0,1971,4
414989313,0,1989,4
415245900,1,1989,1
415246895,1,NaN,4
415674663,1,1993,4
415918838,0,1979,4
416391966,1,1971,4
417058297,1,1995,5
417244068,1,1978,4
417275252,1,1967,5
418916413,0,1980,4
419143773,1,1990,4
420114634,0,1965,1
420811951,1,1996,1
421922768,1,1971,4
422044978,1,1995,4
422410391,1,1991,4
423072301,1,1954,4
424066660,1,1981,4
424507759,1,1995,4
424564907,0,1970,1
425375189,1,1997,4
425449505,1,1991,4
425953310,1,1991,4
426013762,0,1983,4
426131717,1,1977,4
426179765,1,1963,4
426551337,1,1976,4
426854558,0,1970,4
426949977,0,1985,4
427017435,0,1971,4
427043951,1,1995,5
427485067,0,1985,2
428218169,0,1988,4
429363409,0,1991,1
429465543,1,1996,4
429588160,1,1947,4
430165027,1,1990,4
430481965,0,1989,4
430698976,0,1982,4
431333866,0,1993,1
432138597,1,1995,4
432144227,0,1997,4
432178397,1,1962,4
433226765,1,1985,4
433627817,0,1987,4
433779635,1,1989,4
434575713,1,1993,4
434665544,1,1993,4
435019138,1,1991,1
435767779,0,1969,4
436231862,1,1995,4
437291595,1,1981,4
437563475,0,1977,4
438680256,0,1995,4
438805823,1,1990,2
438902833,1,1980,4
440493666,1,1988,4
441941431,0,1984,4
442847404,1,1994,4
443254689,1,1986,4
444010019,1,1994,4
444055370,0,1977,4
444617649,1,1968,4
444758568,1,1994,4
445622062,1,1957,4
445795189,1,1985,4
446700477,1,1994,4
447511231,0,1994,2
447531731,1,1990,4
447535293,0,1975,4
447655802,1,1994,4
447728061,0,1993,4
448462342,1,1997,2
449029278,1,1994,4
449255927,1,1995,1
449849499,1,1991,4
449865904,0,1997,4
450128822,1,1970,4
450308852,1,1978,4
450318581,1,1990,4
451918234,1,1996,4
452266409,0,1952,4
453293054,1,1992,4
453408755,1,NaN,4
453780622,0,1986,4
454481737,1,1962,1
455960773,0,1994,4
456395273,1,1967,4
457116812,1,1994,4
457166419,1,1995,4
457210239,1,1993,2
458087409,1,1981,4
458912040,0,1995,2
459985277,1,1980,4
460463231,0,1982,4
460622623,1,1987,4
460647298,0,1969,4
461920084,0,1969,2
463281983,1,1990,4
463292751,0,1996,5
464359903,0,1982,4
464934673,1,1995,4
467004340,1,1987,4
467824710,1,1996,4
468031900,0,1976,4
468613270,1,1976,4
468827800,1,1998,5
468988865,1,NaN,1
469129824,1,1992,4
469487054,1,1986,4
469803198,1,1987,4
470499221,1,1991,4
470830894,1,1983,4
471638985,0,1996,1
472479280,0,1988,4
472698389,0,1976,4
473485734,1,1973,4
473721840,1,1993,4
475045299,1,1994,4
476514411,1,1995,2
476767152,0,1975,4
477237734,1,1988,4
477333318,1,1993,4
477794199,0,1978,4
478269049,1,1984,4
478761543,0,1979,4
478766423,1,1967,4
479928132,1,1996,4
480088386,1,1995,4
480469581,0,NaN,1
480728639,1,1994,4
481284142,0,1984,4
481583238,1,1993,4
481774027,0,1997,4
483346250,1,1998,4
484382551,1,1994,2
485899103,1,1993,5
485919205,0,1988,4
485970717,1,1998,4
486062125,NaN,1994,4
486130973,1,1987,4
486527674,1,1978,4
487612568,1,1990,NaN
488030499,1,1993,4
488032128,0,1971,4
489096099,1,1968,4
489635138,1,1997.67,2
491292325,0,1956,4
491753048,1,1971,4
492472835,0,1998,4
492595824,0,1978,4
493049227,1,1996,4
494021475,1,1989,4
494317024,1,1986,5
494902639,1,1975,4
495413053,1,1995,4
495557027,1,1983,4
495560416,1,1963,4
495633656,1,1996,4
496689898,1,1997,1
497525756,1,1997,4
498381570,1,1991,4
498433587,1,1991,4
499278537,0,1988,4
499501746,1,1991,2
500268697,1,1991,4
500380132,1,1981,1
501142729,1,1995,4
502170407,0,1994,1
502170966,0,1993,1
502245806,0,1993,4
502356751,1,1953,4
503246270,0,1998,4
503889593,0,1990,4
503975451,1,1996,4
504692950,1,1996,4
504746272,1,1994,4
507115742,1,1961,4
507766638,0,1975,4
508199954,1,2000,4
508769785,1,1983,4
508916667,0,1984,4
509543591,1,1994,3
510513542,1,1967,5
510958325,0,1973,4
512151438,1,1992,4
512625717,1,1991,1
512869595,1,1972,4
514735682,1,1996,4
514828155,0,NaN,4
514934821,1,1994,4
515713202,1,1999,1
516559037,0,1971,1
516601646,1,1985,4
516917837,1,1957,4
517143546,0,1981,1
517491456,0,1974,4
517950064,1,1954,4
518043546,1,1995,4
518051100,0,1989,1
518088470,1,1994,1
518811034,0,1995,4
518915876,0,1971,4
519217829,1,1989,4
520821595,1,1997,4
521397733,1,1990,4
521501330,1,1994,4
522333071,0,1983,4
522488778,1,1974,4
522588604,1,1997,3
522716871,1,1954,4
523418902,0,1993,1
523608771,1,1987,4
523675753,1,1995,4
523941106,0,1996,4
524980784,1,NaN,4
525338806,1,1970,4
525700609,1,1996,3
525997976,1,1981,4
527763501,0,1995,4
527922020,0,1985,4
528689829,1,1996,4
529343235,1,1970,4
529434639,1,1992,2
529790936,1,1991,4
532597010,1,1990,4
532718125,0,1980,4
532996097,0,1993,4
533215554,1,1988,4
533657219,1,1996,4
533795288,1,1990,4
534509777,0,1959,4
535234702,0,1997,1
535499482,1,1990,4
535869651,1,1995,4
536060662,0,1965,4
537493775,1,1951,4
537759546,0,1969,4
538447202,1,1996,4
539225999,1,1977,4
540213934,0,1994,1
540310244,1,1995,4
540478915,1,1983,5
540580176,0,1994,4
541290681,1,1996,4
541342379,0,NaN,4
541793568,1,1971,4
541885615,1,1973,1
542126727,1,1996,3
542248830,1,1981,4
542250227,1,1971,4
543909635,1,1995,4
544658819,1,1992,4
544871796,0,1994,4
544909427,1,1966,4
545322529,0,1989,4
545572285,1,1992,4
546047624,0,1972,4
546965794,1,1972,2
546973182,1,1973,4
548043782,1,1988,4
549532494,0,1991,4
549665508,1,1978,4
550141502,1,1990,4
550601451,1,1997,4
551044552,1,1979,5
551265204,0,1990,4
551626824,1,1976,4
552017652,0,1992,4
552355413,1,1997,4
552444599,1,1997,4
552914269,0,1978,4
553239849,1,1994,4
553351112,NaN,1992,4
553626776,1,1997,4
554774295,1,1999,4
554813424,1,1997,5
555238159,0,1978,4
555518833,1,1996,1
555701224,1,1981,5
555922058,0,1985,4
556205401,1,1998,2
556435591,1,1997,1
556493883,1,1992.5,2
556548129,1,1993,4
556584210,1,1999,4
557374785,0,1987,4
557825989,0,1979,4
558346283,0,1986,4
558602048,0,1983.12,4
558776137,1,1994,4
558973249,1,1977,4
559096031,0,1996,1
559906449,1,1992,4
560079550,1,1966,2
560162688,1,1997,4
560828885,1,1983,4
561473883,1,1996,4
561637252,1,1994,4
562129326,1,1996,1
563252459,1,1994,4
564210319,0,1985,4
564328187,0,1974,4
564901946,1,1993,4
564949993,1,1991,2
565050704,0,1974,4
565417834,1,1993,4
565687835,1,1987,4
565822574,1,1994,4
565864024,1,1996,4
566657354,1,1971,4
567287710,1,1961,4
567533609,1,1990,4
567812011,1,1996,4
568112020,0,1994,1
568474482,1,1988,4
568568645,1,1997,4
568618546,0,1945,2
569389400,1,1963,4
570346602,1,1984,4
571209542,0,1986,4
571813757,1,2001,4
573109188,1,1985,4
573135509,0,1992,4
573654042,1,1993.75,4
573689798,1,1983,4
573722342,0,1977,4
573899851,1,1960,4
574090577,1,1994,4
574218386,0,1994,4
574866369,0,1980,4
574871459,0,1991,4
576289447,1,1959,4
576651340,0,1984,4
576782174,1,1992,4
576887409,1,1989,2
577650645,NaN,1995,4
577688816,1,1963,4
577757790,1,1995,4
578172169,0,1989,1
578243124,1,1996,4
578502801,1,1997,4
579076535,0,1988,4
579445505,1,1990,5
579811963,1,1981,4
580226141,1,1994,4
580604307,0,1978,4
581004200,1,1980,4
581396387,1,1993,4
582321086,1,1973,4
582324504,0,1997,4
582798157,1,1978,1
583075078,1,1984,4
583942750,1,1997,1
585091678,1,1990,4
585822046,1,1990,4
588030994,0,1983,4
588721480,0,1981,4
589158155,1,1997,4
592001167,1,1990,5
592656878,0,NaN,4
593351283,0,1995,5
594072658,1,1993,4
594265216,0,1980,4
594613802,1,1991,4
594913523,1,1995,4
595089554,1,1993,4
595651609,1,1973,4
597022097,0,1982.4,4
597034522,0,1974,4
597901871,1,1975,2
598015201,0,1996,4
598929500,1,1995,5
600042597,1,1998,4
600539751,1,1996,4
600543359,1,1984,4
600594999,1,1996,4
601353390,1,1978,NaN
601456509,0,1992,4
603210706,0,1996,1
604543285,0,1997,4
606923282,0,1980,1
608366859,1,1996,4
608598498,1,1993,4
609072643,1,1969,4
610022729,1,1992,4
610481437,1,1994,4
610584547,0,1983,4
611420975,0,1995,4
612836662,1,1992,4
612939445,1,1993,1
612948015,1,1995,4
613973813,1,1985,2
616397762,1,1987,4
616470622,1,1996,4
617547972,0,1997,5
618480612,0,1970,4
618724637,1,1993,4
619061998,0,1971,4
619472976,1,1995,4
619589078,0,1979,4
620376139,0,1965,4
621342053,0,1997,4
621380585,1,1970,4
621507850,0,1996,4
621603379,1,1992,4
622341954,0,1986,4
623373926,1,1999,4
623869971,0,1956,4
623968960,0,1982,4
624046416,1,1998,4
624617708,0,1978,4
625035702,1,1985,4
626499728,1,1987,4
626520987,0,1994,4
626896806,1,1995,4
627621883,1,1999,4
628465156,1,1987,4
628752517,1,1995,2
629187132,1,1997,4
631509531,1,1989,1
632971213,0,1985,4
633119013,1,1984,4
633412658,1,1998.5,3
634177579,1,1973,4
634188694,0,1994,4
634746669,1,1997,1
636270116,0,1973,4
636320780,0,1997,4
701584952,1,1996,4
704348603,1,2000,4
706204430,0,1997,2
706385773,1,1995,4
707305184,0,1977,1
707684390,1,1966,4
708411714,0,1986,4
708986202,1,1989,4
709401972,1,1996,4
709731894,0,1975,4
710792036,0,1976,4
710854230,1,1997,4
711788841,0,1984,4
712746386,1,1995,4
714876005,0,1990,4
715163553,1,1991,2
716295260,1,1971,4
716394420,1,1961,1
716829554,1,1999,4
718243483,1,1996,4
721142250,0,1998,4
721503992,1,1994,4
721891704,1,1952,NaN
723436777,1,1969,4
726775603,NaN,NaN,NaN
726787651,0,1992,4
726952964,1,1978,4
727241983,0,1972,4
727456111,0,1997,5
729492252,1,1988,4
730670041,1,1966,4
730849968,1,1972,4
731074038,1,1995,4
731329902,1,1994,4
731886007,0,1995,4
733807508,1,1998,4
734978778,0,1985,4
735020898,0,1981,4
735277074,1,1982,4
735421597,0,1985,4
736006135,NaN,1991,4
737566184,1,1989,4
739243675,1,1994,NaN
741618583,1,1981,4
742047162,1,1995,4
742572264,1,1964,4
745425062,1,1981,4
746498455,1,1994,4
747719762,0,1992,5
750215857,0,1990,4
750268519,1,1970,4
751508179,1,1998,4
752753036,1,1986,4
755380856,1,1994,4
757583166,0,1982,1
757895707,1,1985,4
760548722,1,1997,2
760687338,1,1999,4
762550825,1,1983,4
763578384,1,1993,4
764254747,0,1979,4
764687948,1,1978,4
764956850,1,1971,4
770338470,1,1999,2
770566922,0,1972,4
772443326,1,1988,4
773929586,1,1968,4
776875777,1,1989,2
779241002,0,1992,1
779457931,0,1990,1
780294270,1,1987,4
781513122,1,1994,4
781567430,1,1997,4
782683129,1,1996,4
783392899,1,1987,4
783558740,1,1997,4
783686216,1,1994,4
785408508,0,1983,4
785634740,1,1996,4
785818974,0,1978,4
785903035,1,1985,1
786201799,1,1984,4
787517636,1,1995,4
788191704,1,1997,4
790605612,1,1997,2
792588176,1,1994,4
792878840,1,1997,4
794579815,0,1992,4
794697360,1,1999,1
794844643,1,1995,4
799427767,1,1981,4
799467108,1,1993,4
801573060,1,1995,1
803474311,1,1996,4
805053264,1,1967,4
805091347,1,1987,4
805967683,0,1995,2
807670939,0,1964,4
807892592,1,1994,4
808152505,0,1978,4
809674321,1,1995,4
809757246,1,1989,4
809947435,1,1988,4
810736940,1,1962,4
811964467,0,1987,4
813547970,1,1995,4
813642446,1,1998,4
814072914,1,1993,4
816492554,1,1991,4
816618877,1,1985,4
818449555,0,1997,4
818490121,0,1998,1
818491993,1,1994,3
819964860,1,1996,4
820531370,1,1994,4
821038622,0,1990,4
821955228,1,1996,4
822101634,1,1988,4
822210312,1,1995,4
822520250,1,1984,4
824096078,1,1978,3
826747951,0,1975.71,4
827371944,1,1983,4
827647927,1,1994,4
830160776,1,1990,4
830362063,1,1983,4
831332472,1,1963,4
831370980,0,1967,4
832073456,1,NaN,4
833451786,1,1989,4
833794190,0,1976,NaN
834227954,1,1984,2
834786632,1,1976,4
835545732,0,1986,4
835878942,0,1976,4
836519888,1,1978,4
837686702,1,1993,4
838563913,1,1999,4
838843687,0,1983,4
838957280,0,1988,4
839083290,1,1995,4
839279964,1,1997,4
841152145,1,1994,2
841714765,0,1983,4
841819266,1,1997,4
843409740,1,1989,2
844492928,1,1996,4
844985370,0,1966,4
845587771,1,1995,4
846745555,1,1994,4
851708173,1,1993,4
851926706,1,1996,4
851941934,0,1981,4
854198532,1,1990,4
855624000,1,1992,2
857041382,0,1991,4
860353074,NaN,1993,5
860699778,1,1997,4
861004128,0,1971,4
863112540,1,1956,4
863933684,1,1977,5
865460899,1,1989,4
866395686,1,1979,4
867054594,0,1989,4
869691481,0,1963,4
872715162,1,1996,4
874447549,1,1994,4
876192169,1,1960,4
876319002,1,1995,1
877040654,1,1980,4
879390264,0,1979,4
880818451,1,1994,NaN
881195035,1,1994,4
881347992,1,1997,4
882603895,1,1996,4
887777401,0,1983,4
887866621,1,1996.5,3
889947194,1,1993,4
890066966,1,1992,4
891386358,1,1986.67,3
894063788,1,1990,4
896492600,0,1976,4
897367644,1,1984,1
900468128,1,1978,4
900558642,1,1975,4
906938204,1,1993,4
910191858,NaN,1991,4
911538444,1,1983,4
912042486,0,1996,4
913369596,1,1994,1
914315102,1,1989,5
917426286,0,1970,4
919565035,1,1997,4
919942688,1,2000,2
920138382,1,1995,4
923959368,1,1996,2
927980179,1,1944,4
930483241,1,1992,4
933239744,1,1978,4
933528180,1,1997,4
934676185,1,1985,4
934916089,1,1967,4
935979132,0,1994,4
936032731,1,1979,4
937356404,0,1980,4
937561951,0,1991,2
940356673,1,1992,3
942922705,1,1997,4
946586382,1,1983,4
946914943,1,1993,3
946952696,1,1977,4
947071700,0,1981,4
948561462,0,1989,4
949712449,1,1951,4
952136497,1,1997,4
952290570,1,1990,4
952930603,1,1997,4
956497700,1,1997,4
958317204,0,1987,4
960968348,1,1975,4
961244959,0,1966,4
965147732,0,1976,4
965304438,0,1970,4
969270510,0,1991,4
970253204,1,1988,4
976930808,0,1972,4
977250968,1,1991,4
977573312,1,1978,4
977583558,1,1994,3
979776470,0,1995,4
981680582,1,1968,4
983354179,0,1996,4
983792269,1,1990,4
984674054,1,1994,4
985415130,1,1978,4
989602435,1,1988,1
990490230,1,1997,4
994336536,1,1997,4
996356186,1,1996,2
1002937842,1,1988,4
1005685344,1,1993,4
1007743088,1,1993,4
1009432801,1,1971,4
1009461181,0,1991,4
1011921206,0,1982,4
1012364616,1,1990,2
1012410642,1,1996,4
1012696602,1,1982,1
1016399695,0,1970,4
1016513190,1,1997,4
1016637662,1,1992,4
1018169203,1,1994,4
1018440002,1,1984,4
1024516506,0,1971,4
1027381261,1,1996,2
1029660138,0,1996,4
1032055424,1,1998,1
1033945436,0,1994,1
1034131069,1,1997,4
1035115242,1,1951,4
1035352429,0,1990,1
1036458650,1,1988,4
1036685779,0,1991.5,3
1037179669,0,1981,4
1038317240,1,1992,4
1042589929,1,1997,4
1042937455,1,1991,4
1043376614,1,1980,4
1043452525,1,1991,4
1044097974,1,1997,4
1049101458,0,1970,4
1049184229,1,1992,2
1050929670,1,1999,4
1051430599,1,1996,1
1051520905,1,1999,4
1053553886,1,1997,4
1056628524,1,1985,3
1058777846,1,2001,4
1059262884,1,1987,4
1059394304,0,1990,2
1060895292,1,1997,4
1062297157,1,1997,4
1064454056,0,1973,1
1064542524,1,1994,4
1065376914,0,1985,4
1068587880,0,1985,4
1072225454,1,1993,4
1072639190,1,1990,4
1073408982,1,1993,1
1074269485,1,1962,4
1080242460,1,1990,4
1085240216,0,1996,4
1090783238,0,1985,3
1092983304,1,1963,5
1093538893,1,1995,4
1099486146,1,1975,4
1102356913,1,1977,2
1104484718,0,1978,4
1105777184,1,1999,NaN
1107356203,0,1988,4
1107594948,1,1996,4
1110247477,1,1998,1
1111109582,1,1982,4
1111733179,1,1986,4
1112560058,1,1960,4
1112812058,0,1993,4
1113605617,0,1988,4
1115466752,1,1975,1
1115554452,0,1977,4
1115706397,1,1997,4
1115736440,1,1997,4
1117478304,1,1998,4
1117714796,1,1997,2
1123623223,1,1996,5
1123732903,1,1997,4
1127262654,0,1991,1
1130439524,1,1993,4
1135271220,1,1995,4
1136150677,0,1967,4
1137983581,0,1962,4
1138339776,1,1978,1
1138363777,0,1987,3
1138390375,1,1995,4
1140694321,1,1997,4
1140943262,0,1997,2
1146530108,0,1997,2
1152226788,1,1991,4
1155422263,0,1969,4
1155548167,1,1996,4
1157688656,0,1988,4
1158286020,0,1983,4
1158727531,1,1994,3
1158955148,1,1996,4
1162073730,1,1994,4
1162687621,NaN,1991,3
1163602314,0,1997,4
1164591420,0,1979,4
1164797461,1,1994,4
1165062295,1,1979,1
1167256855,1,1993,2
1171481240,0,1989,4
1173978217,1,1983,4
1175217080,1,1982,1
1184730818,1,1991,1
1202124020,0,1999,2
1204050956,1,1990,4
1205002178,0,1959,4
1205082344,1,1982,4
1209078512,1,1971,4
1213142882,1,1998,4
1213630772,1,1993,4
1214801610,0,1991,1
1216573080,1,1995,4
1216965588,0,NaN,4
1217020981,1,1960.25,4
1217476284,1,1994,2
1220082446,1,1997,4
1222771999,1,1992,4
1223452975,0,1973,4
1226567455,1,1995,4
1228096226,1,1978,4
1230012013,1,1973,4
1233321704,0,1986,4
1239864266,1,1997,4
1242467226,1,1995,4
1243191068,1,1964,4
1243794576,1,1988,4
1244831256,1,2000,2
1245112638,1,1996,4
1245172388,1,1985,4
1247718662,0,1986,4
1252098264,0,1985,NaN
1252944126,1,1995,3
1253426977,1,1995,4
1257453852,1,1996,2
1260196963,1,1979,1
1263130170,1,1975,4
1268156702,1,1974,4
1271334512,1,1995,4
1272600042,1,1999,4
1275088088,1,1979,4
1275656082,0,1990,4
1281704198,1,1964,4
1284918614,1,1986,4
1287352308,0,1984,4
1288526551,0,1963,4
1288790522,1,1988,4
1300116896,0,1988,4
1301642941,1,1997,4
1304032742,1,1985,4
1305330828,1,1977,1
1309455876,1,1985,4
1315492165,1,1985,4
1316720238,1,1997,4
1317022460,0,1999,1
1317152977,0,1969,4
1317308676,1,1980,4
1321357968,0,1971,4
1321712900,1,1989,4
1322822120,1,1986,4
1323108068,1,1994,4
1326934106,1,1982,4
1329639396,1,1980,2
1330106192,1,1989,4
1330258434,1,1976,4
1330644060,1,1994,4
1333544612,0,1979,4
1337699658,1,1996,5
1338309974,0,1980,4
1343113225,0,1990,4
1344042366,1,1971,4
1346831455,0,1994,4
1347201812,0,1982,4
1352780612,1,1997,4
1355499474,1,1996,4
1355930797,1,1995,4
1355999156,0,1996,4
1356058544,1,1989,4
1357110091,1,1980,4
1358180336,0,1981,4
1358207202,0,1988,4
1358420269,1,1990,4
1359945506,1,1982,4
1365166022,NaN,1997,5
1365406188,1,1986,4
1367011964,1,1994,4
1367355841,1,1995,2
1367865414,1,1959,4
1368574843,0,1996,3
1368758322,0,1978,4
1372476151,0,1968,4
1374200786,0,1950,1
1375463868,0,1978,4
1380089880,1,1961,4
1380337848,1,1996,4
1381925694,1,1997,2
1385802428,1,1999,4
1387994916,0,1992,4
1390667377,1,1988,4
1390795742,1,1989,4
1398294175,0,1998,1
1398774890,1,1997,3
1409367860,0,1996,4
1411932434,1,1992,4
1413773527,0,1982,4
1413974720,0,1955,4
1426651902,0,1997,3
1426680918,1,1987,4
1434301328,1,1980,5
1441916952,1,1995,4
1455116664,1,1988,4
1457976612,1,1995,4
1458646620,1,1993,1
1458702668,1,1992,5
1463261726,1,1986,4
1465183963,1,1988,4
1465995588,0,NaN,4
1467205140,0,1978,4
1468613485,0,1989,4
1470348570,0,1983,4
1470806185,NaN,1992,4
1475671686,0,1983,4
1476071306,1,1986,5
1476220596,1,1989,5
1478309280,0,1986,4
1480136082,1,1975,1
1480407091,NaN,1998,2
1483232108,0,1971,4
1486617637,1,1989,4
1486782727,0,1996,4
1488728612,0,1994,4
1488770850,0,1993,4
1490720666,1,1980,4
1491381170,0,1980,4
1493225791,1,1998,2
1495647980,1,1966,4
1497193039,1,1995,1
1506053083,1,1975,4
1507930579,0,1977,4
1511765407,0,1975,4
1514546700,1,1992,2
1518065635,0,1986,4
1518193814,1,1995,3
1518440665,0,1990,4
1523447311,1,1996,4
1523489851,1,1970,4
1524205824,0,1983,4
1525658142,0,1991,4
1536725665,1,1949,4
1537643630,0,1985,4
1539963288,1,1977,4
1541307962,0,1975,4
1542243944,1,1992,4
1544585436,1,1994,4
1544791616,0,1990,4
1545312571,0,1962,5
1545971322,1,1978,4
1546329000,1,1979,1
1547185496,1,1988,4
1547460468,1,1992,4
1548897660,1,1978,4
1548928051,NaN,1996,5
1549681836,1,1997,2
1552537964,1,1992,1
1554468968,1,1991,1
1556017826,1,1997,4
1557305016,0,1970,4
1558633002,1,1995,4
1559088296,1,1982,4
1560964392,1,1992,4
1562088236,0,1999,4
1562162497,1,1993,4
1564433604,1,1991,4
1564877802,1,1988,4
1566249109,0,1966,4
1569592922,0,1992,4
1575804001,0,1998,4
1576319239,1,1991,4
1581299677,0,1998,4
1582834249,0,NaN,4
1584735324,1,2000,1
1587168878,0,1992,4
1587559075,1,1988,4
1589439548,0,1993,2
1592121240,1,1992,4
1596840870,0,1975,4
1600108399,1,1993,4
1601812158,1,1991,4
1601993131,1,1969,4
1605117252,NaN,1997,3
1605395239,1,1999,2
1609120554,1,1994,4
1611850802,1,1990,4
1612112400,1,1979,4
1615810866,0,1975,4
1619527567,1,1995,5
1621290246,1,1996,4
1623797168,1,1983,4
1630988527,1,1997,2
1631100475,1,1994,1
1631311909,1,1988,4
1631850295,1,1992,4
1633139072,1,1997,4
1633175671,1,1983,4
1633551667,1,1997,4
1633941529,1,1955,4
1636732117,1,1998,1
1636930081,1,1994,4
1643404867,0,1982,4
1644076722,0,1952,3
1644242924,1,1996,2
1646114796,1,1997,3
1646911956,1,1997,1
1648404864,0,1972,4
1651405736,1,1992,4
1653921162,0,1966,1
1656494665,0,1985,4
1658356795,0,1950,4
1658626062,0,1983,4
1662746058,1,1981,4
1662881394,1,1982,1
1665470917,1,1971,4
1672833529,0,1996,1
1679062790,0,1955,4
1679511272,0,1977,4
1679923915,1,1994,4
1681476001,1,1993,1
1681547610,0,1985,4
1682271696,1,1993,4
1683670698,1,1994,4
1684312272,0,1997,5
1686083347,0,1986,NaN
1689678355,1,1986,4
1694305291,0,1989,3
1695074820,1,1961,4
1695161293,1,1994,4
1695599899,0,1997,4
1697484798,1,1987,4
1697593178,1,1994,4
1700417964,1,1997,4
1700920166,0,1983,4
1702811952,1,1995,4
1707854286,1,1995,4
1707999306,1,1978,4
1709319535,1,1992,5
1711251450,1,1981,4
1711356080,1,1997,4
1716973039,1,NaN,1
1721071723,0,1999,3
1723321129,1,1993,4
1726390692,1,1994,4
1726790156,1,1987,4
1733438666,1,1997,4
1735700341,0,1996,4
1738359708,1,1972,4
1765266829,1,1987,5
1837470643,0,1989,4
1841828136,0,1992,1
1849217726,1,1973,4
1850124325,1,1983,4
1856954430,1,1962,1
1857137906,0,1976,4
1858859676,0,1990,4
1859334228,1,1986,4
1859706068,1,1977,4
1862880625,1,1980,4
1869956167,1,1997,4
1871975606,1,1965,1
1872623180,0,1995,4
1879952796,1,1988,4
1880734692,0,1998,3
1882226892,NaN,1996,4
1884234126,0,1971,4
1884781243,1,1998,4
1887956450,1,1987,4
1888543111,1,1986,4
1890717020,0,1974,4
1905102073,0,1957,4
1905953748,1,1997,4
1906293133,0,1993,4
1915618400,0,1988,4
1916088614,1,1991,4
1918791098,0,1997,NaN
1920172920,0,1982,4
1923970171,1,1989,4
1932552169,0,1996,4
1936178312,1,1998,5
1942231134,1,1994,4
1942892784,1,1984,4
1955753292,0,1996,4
1957596570,1,1967,4
1961086280,1,1988,2
1961687341,1,1997,4
1962915986,1,1973.33,4
1965192206,0,1986,1
1965257323,0,1988,4
1969842715,NaN,1997,2
1976838618,1,1985,4
1977067130,1,1990,4
1978817443,1,1940,1
2147935069,1,1985,4
2148210860,1,1980,4
2149601869,1,1999,4
2160015228,0,1962,4
2161705747,1,1958,4
2161782876,0,1987,1
2164068220,1,1998,4
2166783401,1,1973,4
2169637092,1,1993,4
2170992901,1,1996,4
2174955213,1,1997,1
2175073964,0,1991,1
2177326815,1,1977,4
2178941809,1,1995,4
2179030802,0,1995,4
2180905566,1,1976,4
2181179323,1,1998,4
2181282702,1,1996,2
2181313565,1,1997,4
2182588958,1,1963,4
2183888858,1,1976,1
2184915530,0,1995,4
2185310050,1,1999,5
2186612067,1,1977,4
2187038304,1,1983,4
2187411998,1,1978,4
2188988862,1,1984,4
2191370730,1,1987,4
2192318795,1,1962,4
2196149683,1,1962,4
2196356307,0,1998,1
2197090334,1,1987,2
2199360292,1,1997,4
2199700312,0,1995,4
2199801978,0,1946,4
2200745592,1,1994,4
2200747690,1,1988,4
2201513406,1,1986,4
2201679450,0,1993,5
2203981595,0,1968,4
2205322249,1,1987,4
2208208236,1,1980,2
2209839286,1,1986,4
2210969976,1,1967,4
2212956689,0,1999,3
2213139331,1,1982,4
2215070558,1,1993,4
2215207944,1,1989,2
2216380326,NaN,1976,NaN
2218375152,1,1982,4
2222360154,0,1984,4
2223381524,0,1946,4
2224032653,0,1963,4
2227453291,1,1994,4
2227556088,1,1990,4
2229594979,0,1994,1
2232254527,1,1994,4
2232451252,1,1981,4
2234944921,0,1997,4
2235829443,0,1997,4
2236802557,1,1995,1
2237578021,0,1980,4
2238233467,0,1997,4
2239733833,1,1996,2
2241721448,0,1995,4
2245074192,1,1967,4
2245271125,1,1992,4
2247234742,1,1997,4
2247748386,1,1991,4
2250804312,1,1983,4
2252667044,0,1997,4
2252776920,1,NaN,4
2252893178,1,1987,4
2254098764,1,1996,4
2256825164,1,1992,2
2256976089,1,2000,4
2257008405,1,NaN,4
2257167066,0,1994,4
2260653506,1,2000,1
2261464053,1,1990,4
2263413625,1,1989,2
2263712048,1,1997,1
2264317961,1,1987,4
2265349069,1,1989,4
2265420417,1,2000,1
2265529080,NaN,1971,4
2266671356,1,1978,4
2269063453,1,1984,4
2269233056,1,1997,4
2269554663,1,1954,4
2269987860,1,1999,NaN
2271104306,1,1997,4
2271355986,1,1984,4
2271417056,1,2001,4
2274700938,0,1995,2
2275299199,0,1988,4
2276667049,1,1994,3
2276727835,1,1989,4
2281653608,1,1997,4
2282935976,1,1986,4
2284346160,0,1965,4
2287323518,1,1989,4
2287354088,1,1994,4
2287593804,0,1983,4
2288588059,1,1996,4
2289044648,1,1988,4
2292693637,1,1959,4
2293248330,0,1999,2
2293307498,1,1994,4
2293409850,0,1993,1
2293455078,1,1985,4
2294526605,1,1996,4
2295512808,1,2000,5
2296438140,1,1978,4
2296666364,1,1989,4
2298505619,0,1983,1
2298532705,0,1992,1
2298986911,1,1998,1
2299869200,1,1971,1
2301164574,1,1993,4
2301872990,1,1994,4
2301998024,1,1999,4
2302146498,1,2002,4
2302373526,1,1996,NaN
2302467720,0,1985,4
2304730455,0,1990,2
2305041670,1,1995,4
2306946153,1,1992.5,1
2309456114,1,1997,4
2309902285,1,1990,4
2310884846,1,1991,4
2311051028,1,1999,3
2311987414,1,1977,4
2313098534,1,1997,4
2314430864,1,1980,4
2314873926,1,1974,4
2316649928,0,1978,2
2317493670,1,NaN,4
2318073548,1,1989,4
2318242418,1,1986,4
2319315263,0,2000,NaN
2324525341,0,1998,4
2324765574,1,1984,4
2325112610,1,1997,2
2326073256,0,1977,4
2326335598,1,1993,4
2329522094,0,1982,4
2329566668,NaN,1997,4
2334919192,1,1984,4
2336120958,0,1964,4
2352474534,1,1993,5
2353953175,1,1994,4
2354172174,0,1990,4
2355091214,0,1979,1
2355547244,0,1991,5
2355825162,0,1995,4
2356974259,0,1975,4
2357205091,1,1993,4
2358309367,1,1950,4
2359961656,1,1980,4
2360155412,1,2001,3
2360390845,1,1992,4
2360611818,1,1994,4
2364700704,1,1974,4
2365227628,1,1964,4
2369258387,1,1993,4
2369393906,1,1993,4
2371128043,0,1963,4
2373012542,0,1985,5
2374601250,1,1997,2
2374832580,0,1994,1
2375472660,1,1996,1
2379242186,1,1984,4
2380712103,1,1995,1
2381196252,0,1993,4
2381296429,1,1969,4
2383853806,0,1995,2
2384219898,1,1966,4
2384899626,1,1980,4
2385522354,1,1977,4
2385912086,0,1999,3
2388329659,1,1988,4
2389535518,0,1974,1
2390115180,1,1979,4
2391702618,1,1993,4
2391722096,1,1990,2
2395495076,1,1994,4
2396506754,0,1985,4
2397323749,1,1991,4
2400931034,1,1985,4
2400959006,1,1990,3
2401822611,1,1996,4
2404560468,0,1999,2
2404967816,1,1993,4
2408543985,1,1985,4
2411391901,1,1990,4
2413360371,1,1999,4
2414740243,0,1998,4
2414773868,1,1981,4
2416353230,1,1998,4
2419880006,1,1971,2
2420872921,0,1963,4
2421123722,1,1954,1
2421245690,1,1974,4
2424648200,1,1998,2
2426460366,1,1986,4
2428074381,1,1991,4
2430751891,1,1998,4
2430793050,1,1992,1
2432527262,1,1992,3
2434496723,0,1999,4
2434655468,0,1990,4
2434768125,1,1994,4
2435661494,0,1974,4
2437774033,0,1997,4
2438166174,1,1990,4
2439828375,1,1963,4
2440731428,1,1995,4
2442136598,1,1953,4
2444518922,0,1985,4
2445617256,1,NaN,4
2448159428,1,1984,5
2450272344,0,1970,4
2450736974,1,1990,4
2453705914,0,1987,4
2456041950,1,1996,4
2457173413,1,1992,4
2457662821,1,1995,2
2458849285,1,1990,3
2462780591,0,1990,2
2466899420,1,1993,4
2468104651,0,1984,4
2470063771,1,1988,4
2470121857,1,1971,3
2470311087,0,1995,1
2471286182,0,1981,1
2472566341,1,1984,4
2472873182,1,1981,4
2475627094,1,1959,4
2476083618,0,1986,4
2477244616,1,1996,1
2479037011,1,1971,4
2480803471,1,1973,4
2485421060,0,1950,4
2495342468,1,1992,4
2499856179,0,1987,4
2502474378,1,1974,4
2506110638,1,1997,4
2507575295,1,1980,4
2508650378,NaN,1999,5
2509346532,0,1986,4
2510789233,1,1981,4
2511029468,1,1986,4
2514085772,0,1980,4
2516413898,1,1997,4
2518206162,0,1983,4
2521754713,1,1997,5
2522078002,1,1990,4
2522245316,1,1984,5
2524187783,0,1995,4
2524273615,1,1957,4
2525199788,1,1994,4
2525918133,1,1971,4
2527719612,1,1966,4
2528557369,1,2000,3
2529166616,NaN,1980,NaN
2532820364,1,1994,2
2535572605,0,1979,1
2536246606,1,1954,4
2538318732,1,1993,3
2538473441,1,1997,4
2541510076,1,1969,4
2544846032,0,1993,2
2547725625,1,1988,4
2548680540,1,1989,4
2548877706,1,1995,4
2549114401,1,1991,4
2549448884,0,1996,4
2552038861,1,1987,5
2553006528,0,1992,4
2555347734,0,1989,2
2555704356,0,1998,4
2556136994,1,1987,4
2557410338,1,1950,4
2560318209,1,1994,3
2560494284,1,1979,1
2560820992,1,NaN,2
2562237847,1,1994,4
2563923607,0,1998,4
2565742091,0,1993,1
2567787636,1,NaN,4
2567974587,0,1997,4
2569379974,0,1997,4
2571493197,1,1991,4
2573849336,NaN,1997,4
2575473632,NaN,1991,3
2575981686,1,1990,2
2577589822,1,1994,5
2578816177,1,1991,4
2579034420,0,1998,4
2579635009,1,1997,4
2580080726,0,1992,4
2584049531,1,1985,4
2584173555,1,1985,4
2587909114,0,1958,1
2590477859,1,1999,1
2591591772,0,1970,2
2592291506,1,1989,4
2595314495,1,1994,1
2595838477,1,1991,5
2596620258,1,1981,4
2596713783,1,1998,2
2597223242,1,1995,4
2599039541,0,1990,4
2600507089,1,1980,4
2608293151,0,1975,2
2610159810,1,1990,2
2610445469,1,1972,4
2612733808,1,1992,4
2615001371,0,1998,4
2615148630,1,1998,NaN
2615742738,1,1966,4
2615854496,1,1998,4
2633283102,1,2000,3
2637453008,0,1985,4
2650598568,1,1994,NaN
2654136130,0,1993,4
2658671220,1,2001,4
2660442010,1,1994,4
2668978821,1,2002,4
2671810020,0,1995,2
2673969046,1,1998,4
2675305502,1,1964,4
2678903934,0,1990,4
2680272985,0,1997,4
2685567771,1,1980,2
2690572039,1,1986,4
2691293058,1,1991,4
2695579559,0,1997,4
2697090056,1,1986,5
2702637793,0,1992,1
2704926340,1,1981,4
2717597414,0,1977,3
2718015666,1,1972,5
2718980837,0,1990,4
2723441021,1,1998,5
2724509797,1,1987,4
2725330106,0,1990,3
2726086164,0,1996,4
2726914463,1,1986,4
2727949156,0,1997,4
2728162654,0,1989,4
2730110218,1,1999,4
2730263722,1,1995,4
2732904821,1,2001,4
2732986154,1,1962,4
2733345421,1,1990,4
2733399521,1,1984,2
2736928696,1,1998,4
2737716743,1,1981,4
2737938830,0,1967,4
2738834639,1,1970,4
2740195508,1,1998,4
2740287716,1,1983,4
2743083179,1,1998,4
2750447937,1,1990.2,4
2751041485,1,1976,4
2751224597,0,1997,4
2751725218,0,1982,4
2753027889,1,1994,4
2755889855,1,1998,4
2755943451,0,1969,4
2757689073,1,1994,4
2758479022,0,1995,4
2759388180,1,1988,4
2759657456,1,1996,4
2760312862,1,1997,4
2761220320,1,2001,4
2763006832,1,1997,4
2763554758,1,1994,1
2763662865,1,1989,3
2764247252,0,1980,4
2764687093,1,1963,4
2770902545,1,1989,1
2772048276,0,1960,4
2774403231,0,1989,4
2778320999,1,1960,4
2778603810,1,1995,4
2781903088,1,2001,5
2784671755,1,1990,4
2786498322,1,1995,4
2786606790,1,1981,4
2787755103,1,1996,4
2790075383,0,1997,1
2790265593,1,1994,4
2791142413,0,1953,4
2793469750,1,1991,4
2795122100,1,1932,4
2797106562,1,1989,4
2797857416,1,1984,2
2798534959,1,1966,4
2798889409,NaN,1993,4
2799285827,1,1978,4
2804620328,1,1984,4
2805723186,1,1959,4
2808622470,1,1987,4
2810278782,1,1996,1
2817465591,1,2000,2
2818948800,0,1987.5,4
2821222602,1,1974,4
2821424842,NaN,1991,4
2822734945,1,1997,4
2823063853,1,1994,4
2824319057,1,1990,1
2824678417,1,1995,4
2824805007,1,1974,4
2825159372,1,1988,4
2825575112,1,1988,4
2825946468,0,1996,4
2828143673,0,1985,4
2830146989,0,1988,4
2832509569,1,1997,2
2833296404,1,1993,4
2836699214,1,1988.5,1
2838568592,0,1988.8,4
2838681690,0,1994,1
2842119424,1,1958,4
2844764195,0,1981,4
2845538967,0,1986,4
2846064382,1,1997,4
2850045441,0,1951,4
2856890664,1,1966,4
2857575721,0,1995,5
2859608548,1,1977,4
2859825329,1,1987,4
2863718857,1,1999,4
2863783099,1,1993,1
2864476919,1,1996,4
2864756633,1,1950,4
2865242560,0,1975,4
2866251564,1,1997,3
2871497962,1,1994,4
2872013142,1,1984,4
2874011081,1,1997,2
2875219086,1,1957,4
2875921793,0,1993,4
2880403279,0,1974,1
2881317355,0,1962,4
2882880929,0,1996,4
2884628224,1,1974,1
2886591170,1,1994,4
2888270033,NaN,1985,4
2891064740,1,1981,4
2891941910,0,1959,4
2892010517,0,1986,4
2892105041,0,1956,4
2892685603,1,1997,4
2893391502,1,1976,1
2894415306,1,1994,4
2895006527,0,1983,4
2896225672,1,NaN,4
2896788206,0,1980,NaN
2896811689,0,1985,4
2897031072,0,1996,4
2899405907,1,1996,4
2900071336,1,1983,4
2900104471,1,1982,4
2900740656,1,1993,4
2901034236,1,1961,4
2902516750,0,1990,3
2903967022,1,1986,4
2904538677,0,1996,4
2906582448,1,1969,4
2906892893,1,1981,4
2907123608,NaN,1996,1
2907316207,1,1969,4
2908103277,1,1999,NaN
2911137560,0,1985,3
2911420273,1,1996,4
2913389455,0,1993,4
2913974602,1,1957,4
2914079949,0,1977.33,4
2914422905,0,1991,4
2915874246,0,1978,4
2919956946,1,1990,4
2920144052,1,1976,2
2920350729,1,1993,4
2921378467,0,1998,4
2925423244,0,1980,4
2925933183,1,1992,4
2931733350,1,1951,4
2939045831,1,2002,2
2939591566,1,2001,5
2940376415,0,1986,4
2943071684,1,1977,2
2949758896,NaN,1981,4
2952005651,1,1990,3
2952301456,1,1996,4
2955790493,0,1994,4
2959835717,1,1997.5,4
2960050025,1,1972,4
2960249516,1,1997,1
2961281625,0,1992,5
2972213533,1,1999,5
2975120945,1,1999,4
2976317253,1,1997,4
2977052470,0,1967,4
2977401426,0,1990,4
2977934168,1,1998,2
2983223970,1,1987,4
2984390205,0,1976,4
2986792732,1,1993,1
2988678112,NaN,1998,4
2993522001,0,1971,NaN
2994526107,1,1986,4
2995185392,1,1982,4
3000034679,0,1959,4
3001441463,1,1978,4
3003977248,1,1995,4
3005791475,1,1984,1
3006094109,0,1988,4
3008982077,0,1983,4
3009051802,0,1972,4
3010769699,0,1988,4
3013097139,0,1995,4
3013845271,1,1997,3
3014751527,1,1974,4
3015903747,0,1984,4
3015960470,0,1989,4
3017928661,NaN,1994,5
3018706812,0,1994,4
3021401323,0,1975,4
3021835009,1,1993,4
3022079691,0,1991,4
3024065756,1,1997,4
3025470221,0,1989,4
3027662024,0,1990,4
3028515586,1,1979,4
3031462283,1,2001,5
3033719680,NaN,1998,3
3035645312,1,1995,2
3036979154,1,1991,4
3037301653,1,1995,4
3038079105,0,1990,4
3039626890,1,1989,4
3041117137,0,1984,4
3044744679,1,1998,4
3047072627,1,1997,4
3051490694,1,1984,4
3057738927,0,1986,3
3060710501,NaN,1987,4
3063288771,1,1992,3
3065867970,1,1981,2
3066168378,1,1991,4
3066978829,1,1997,4
3068903234,0,1998,4
3069457118,1,1994,4
3070536297,NaN,1989,4
3072902860,1,1975,4
3074362506,1,1997,NaN
3076388267,0,1988,4
3076452814,1,1999,4
3084749045,1,1997,4
3085159283,1,1997,4
3087808289,0,1984,4
3103589786,1,1986,4
3109369137,1,1992,4
3112104673,0,1966,4
3114184106,1,1999,4
3118133584,1,1991,4
3121728823,1,2000,4
3121949341,1,1996,4
3122881138,NaN,1999,4
3124818526,0,1978,4
3127659802,1,1989,4
3132206668,1,1963,4
3133241851,0,1971,4
3133741969,1,1962,4
3135724894,1,1994,4
3138749377,0,1985,1
3140821267,0,1974,4
3145284958,0,NaN,3
3145892637,1,1995,4
3148876452,NaN,1996,4
3152753374,1,1979,4
3152775560,1,1967,4
3153030412,0,1982,4
3154721422,1,1996,1
3154984601,1,1979,5
3163465127,1,2000,4
3166193916,1,1997,1
3166318512,1,1985,4
3166438737,0,1983,3
3167930208,0,1978,4
3169333664,1,1997,4
3170853514,NaN,1994,4
3173352986,1,1992,2
3176949829,1,2000,4
3177402295,1,1991,4
3178803853,1,1991,2
3178881626,1,1993,2
3179104207,1,1996,1
3179533568,1,1987,4
3181483672,1,1995,4
3182057718,0,1991,4
3182685398,0,1995,NaN
3184729629,1,1997,4
3192158028,0,1994,1
3192597888,1,1997,4
3194658692,1,1990,5
3195695389,1,1986,4
3196361888,1,1995,1
3198863673,1,1994,4
3199982062,1,1993,4
3204666058,0,1983,4
3214038281,1,1985,4
3219670854,1,1984,4
3222318772,0,1996,1
3224857470,1,2000,3
3230311182,1,1989,4
3231716628,0,1997,4
3231857638,1,1995,4
3232444234,1,1996,1
3237210811,1,1999,4
3242578086,1,2002,5
3242876653,1,1974,4
3244645951,1,1956,1
3245551989,1,2001,4
3246861233,1,1980,4
3249358214,1,1997,4
3249393374,1,1996,3
3249927378,1,1990,4
3257457133,0,1967,4
3258561313,0,1996,2
3265711508,0,2001,5
3266408292,1,1997,4
3268888118,0,1983,2
3273811628,1,1987,4
3275329489,1,2000,4
3278977857,NaN,2000,4
3280081735,1,1980,4
3282245105,1,1994,4
3283686312,1,2001,4
3285507262,0,1993,4
3286685211,1,1995,4
3290827158,0,1957,4
3290941048,0,1962,4
3292750674,0,1973,4
3296511674,1,1988,4
3298192458,1,1994,2
3299819780,1,1993,4
3302634613,1,1990,4
3303114193,1,1956,4
3306356675,1,NaN,1
3307464971,1,1996,4
3309852775,1,1993,4
3310055095,1,1992,3
3311150741,1,1997,1
3312294837,0,1989,4
3312564671,0,1978,4
3312885191,1,1991,1
3313229142,1,1997,4
3315788803,1,1996,4
3316308540,1,1940,4
3320812364,1,1977,4
3322903916,NaN,1967,5
3323699762,1,1987,4
3323849986,1,1991,1
3324801909,1,1991,1
3325987552,1,1994,2
3327380259,1,1972,4
3331366437,1,1997,4
3346869678,1,1994,3
3352812676,1,1973,4
3353915879,1,2000,2
3355968977,1,1989,4
3362780789,1,2000,4
3362942435,0,1979,4
3364366738,1,1975,1
3367316435,1,1979,4
3367515555,0,1988,1
3368226813,0,1983,4
3370173412,0,1975,4
3371304053,1,1993,4
3376900234,1,1986,4
3378184781,1,1990,4
3382744697,0,1990,4
3383838947,0,1987,5
3383920751,1,1990,4
3388212273,1,1969,4
3396300100,1,1994,4
3400534461,0,2000,3
3400611814,0,1995,4
3402835817,0,1993,4
3405253071,1,1976,4
3410331825,1,1981,4
3420881525,1,1999,4
3422743564,NaN,2000,4
3424353734,NaN,1999,3
3424478625,1,1978,4
3425196581,1,1998,4
3425758336,0,1991,1
3427249923,0,1969,4
3428858692,1,1981,4
3433624414,0,1982,4
3433768414,1,1997,5
3438842434,NaN,NaN,NaN
3452337083,1,1991,4
3459416961,1,1970,4
3462758302,1,1997,4
3475958352,1,1997,4
3517404553,0,1968.5,4
3548664563,1,1990,5
3559452553,1,1992,4
3580642275,1,1999,1
3581264895,1,1994,4
3582400695,1,1975,4
3601607234,0,1977,4
3605096716,1,1991,5
3611655436,1,1996,1
3613515743,1,1993,2
3616022660,1,1999,4
3618761539,1,1980,3
3621133637,0,1990,4
3639457333,1,1996,4
3658906588,0,1999,2
3669844456,1,1977,4
3706464552,1,1985,4
3729975327,1,NaN,4
3732384855,0,NaN,4
3782325681,0,1985,4
3784568652,1,1982,5
3788797455,0,1986,4
3795131594,0,1976,4
3795593836,1,1992,5
3796413315,0,1995,4
3796428432,1,1992,4
3813235755,1,1964,4
3821977876,0,1985,4
3832086733,0,1962,4
3878378117,1,1993,4
3882606561,1,NaN,4
3884346227,1,1987,4
3885162793,1,1968,4
3893332168,1,1999,1
3906667697,1,1990,4
3924536853,1,1993,4
3931792572,0,1947,4
3935739196,1,1972,4
3973142338,1,1986,4
3981247277,1,1985,4
4027517267,1,1995,2
4028043159,0,1992,4
4028755694,1,1982,4
4039821604,1,1997,4
4051006282,0,1986,1
4054317635,1,1987,4
4056053350,0,1980,4
4076790501,0,1971,4
4077827427,1,1997,4
4078880655,1,1996,4
4081487413,1,1985,4
4086517462,0,2001,1
4090851143,1,1996,4
4102860683,0,1986,1
4108670475,1,1990,4
4109675419,NaN,1988,1
4111361301,1,1992,1
4122722476,1,1995,4
4126361128,0,1990,4
4172939002,1,1966,4
4245785474,0,1991,4
4246105461,0,1990,4
4256353932,1,1965,4
4274283194,1,1988,1
4281628276,0,1987,4
4299022415,1,1993,2
4317387674,1,1997,4
4345040669,0,1986,4
4351865122,0,1997,2
4353232533,0,1962,4
4362205038,1,1994,4
4405731209,1,1990,5
4412686997,1,1994,3
4416120494,0,1988,4
4465396102,1,1993,1
4467793452,1,1996,NaN
4504566980,1,1992,4
4549825675,0,1997,4
4566092245,1,1995,4
4581426914,1,1996,4
4586501604,1,1992,4
4652050590,1,1970,4
4657153754,0,1992,5
4659071841,0,2004,1
4685486839,1,1987,2
4710718598,1,1983,4
4728119962,0,1972,4
4739112700,1,1986,4
4739772853,1,1971,4
4740686001,1,1968,4
4764176880,0,1983,4
4766296833,1,1982,4
4770014078,1,1997,4
4777151356,0,1960,4
4779039077,0,1994,1
4783670656,1,1972,4
4800301291,1,1997,4
4809914381,1,1987,4
4809960492,1,1988,4
4810577965,1,1986,4
4822577727,0,1996,4
4844348739,0,1981,4
4850977700,1,1997,4
4856307520,1,1977,1
4863919091,1,1964,4
4864811267,0,1977,4
4878926855,0,1983,4
4889565747,1,1977,4
4892221799,1,1986,4
4892715256,1,1973,4
4895390642,0,1976,2
4895831833,0,1977,4
4921995243,1,1996,4
4924158634,1,1983,4
4928657861,1,1996,4
6.95E+17,1,1995,4
7.04E+17,0,1971,3
7.06E+17,0,1997,4
7.06E+17,0,1991,4
7.18E+17,1,1988,2
7.19E+17,1,1986,1
7.39E+17,0,1988,4
