,user_id,race
2934,1053553886.0,3.0
329,20046038.0,3.0
11,1191741.0,3.0
16,1846921.0,3.0
428,23411176.0,3.0
1431,156328651.0,3.0
5,811618.0,2.0
2542,567533609.0,3.0
3527,2458849285.0,2.0
3360,2237578021.0,3.0
1031,67901623.0,3.0
2411,508916667.0,3.0
2896,994336536.0,3.0
2702,741618583.0,3.0
1896,307195603.0,0.0
2017,342510958.0,1.0
502,26025526.0,3.0
1084,74823468.0,0.0
1607,211684441.0,2.0
1000,64767254.0,3.0
2610,604543285.0,3.0
2654,634177579.0,3.0
1380,138518909.0,3.0
2239,418916413.0,3.0
2147,387810069.0,3.0
1371,135780119.0,3.0
3822,3010769699.0,3.0
2039,348680210.0,2.0
607,30013968.0,3.0
878,47730142.0,3.0
313,19314225.0,3.0
2802,841714765.0,3.0
2648,628752517.0,1.0
1314,121844359.0,1.0
943,55977340.0,3.0
2036,348092086.0,0.0
2774,821038622.0,3.0
2038,348614130.0,3.0
1642,223698800.0,3.0
3747,2882880929.0,3.0
69,10476692.0,3.0
206,16456627.0,3.0
238,17326060.0,3.0
405,22957679.0,3.0
237,17316061.0,0.0
3045,1288790522.0,3.0
959,58113148.0,0.0
273,18109224.0,3.0
3114,1465183963.0,3.0
1105,77674358.0,3.0
630,30997364.0,3.0
1101,77493034.0,3.0
501,25920698.0,0.0
17,2026441.0,3.0
3054,1317152977.0,3.0
3038,1272600042.0,3.0
2270,432138597.0,3.0
3560,2525199788.0,3.0
3951,3303114193.0,3.0
4052,4028755694.0,3.0
1787,266213792.0,3.0
3857,3072902860.0,3.0
254,17639688.0,0.0
2303,449029278.0,3.0
39,6470852.0,3.0
698,34803187.0,3.0
2166,392985977.0,3.0
2436,521501330.0,3.0
2561,574871459.0,3.0
3940,3282245105.0,3.0
1907,311638332.0,3.0
340,20643153.0,3.0
2622,613973813.0,1.0
3385,2266671356.0,3.0
2011,340485275.0,3.0
1588,203593004.0,1.0
2490,548043782.0,3.0
194,16279572.0,3.0
910,51533650.0,0.0
67,10234782.0,3.0
3486,2396506754.0,3.0
4087,4549825675.0,3.0
1352,131090219.0,3.0
3259,1856954430.0,0.0
3240,1702811952.0,3.0
3433,2314430864.0,3.0
425,23355835.0,1.0
2470,540213934.0,0.0
2675,716295260.0,3.0
1132,82187706.0,3.0
2632,621342053.0,3.0
2156,389855422.0,3.0
1618,216924580.0,3.0
2416,512625717.0,0.0
3839,3035645312.0,1.0
4035,3796428432.0,3.0
3034,1260196963.0,0.0
2776,822101634.0,3.0
1266,109406812.0,3.0
2016,342461238.0,3.0
1185,91966203.0,0.0
911,51548400.0,3.0
3143,1523447311.0,3.0
3886,3154721422.0,0.0
3290,1961086280.0,1.0
828,43364802.0,1.0
209,16540031.0,3.0
3061,1329639396.0,1.0
3092,1380089880.0,3.0
1434,157463142.0,3.0
4016,3601607234.0,3.0
1974,330831529.0,2.0
2716,760687338.0,3.0
408,23077322.0,3.0
1628,220713223.0,0.0
597,29584756.0,3.0
3227,1682271696.0,3.0
3405,2292693637.0,3.0
867,47163502.0,3.0
3835,3027662024.0,3.0
4055,4054317635.0,3.0
3262,1859334228.0,3.0
3821,3009051802.0,3.0
3852,3066168378.0,3.0
3819,3006094109.0,3.0
284,18434747.0,3.0
1731,251476408.0,3.0
1175,90223445.0,1.0
74,10841872.0,2.0
2204,405039912.0,3.0
1553,192023444.0,2.0
4111,4844348739.0,3.0
185,16027465.0,3.0
1302,118156180.0,3.0
1535,187292009.0,3.0
1525,183643026.0,0.0
682,33913938.0,3.0
1066,73283518.0,3.0
3106,1426680918.0,3.0
814,42802175.0,3.0
1886,303723093.0,3.0
986,62668766.0,3.0
174,15868932.0,3.0
3983,3376900234.0,3.0
2252,425953310.0,3.0
2572,579076535.0,3.0
3804,2976317253.0,3.0
1180,90752658.0,3.0
585,29132948.0,3.0
1138,82780174.0,3.0
3318,2182588958.0,3.0
4015,3582400695.0,3.0
3984,3378184781.0,3.0
1064,73253214.0,3.0
2027,346349983.0,3.0
981,61681020.0,3.0
1665,235344508.0,3.0
339,20619880.0,3.0
1430,155825751.0,3.0
1470,164995621.0,3.0
1209,95685368.0,3.0
3083,1365406188.0,3.0
3680,2764247252.0,3.0
2311,452266409.0,3.0
677,33714970.0,3.0
322,19723491.0,3.0
1423,154249346.0,3.0
1861,294772937.0,3.0
171,15851225.0,0.0
213,16586221.0,3.0
650,32425125.0,3.0
4115,4864811267.0,3.0
2290,444010019.0,3.0
6,822540.0,3.0
2930,1049184229.0,1.0
3037,1271334512.0,3.0
2504,553626776.0,3.0
3349,2222360154.0,3.0
2794,836519888.0,3.0
2982,1140694321.0,3.0
1211,96573740.0,3.0
3604,2590477859.0,0.0
1775,261948686.0,3.0
394,22531770.0,3.0
112,14407946.0,3.0
2451,528689829.0,3.0
2369,486062125.0,3.0
1395,143408141.0,3.0
3265,1869956167.0,3.0
1345,130074825.0,3.0
3707,2818948800.0,3.0
2128,378160687.0,0.0
3268,1879952796.0,3.0
3703,2805723186.0,3.0
3161,1549681836.0,1.0
2475,541342379.0,3.0
3288,1955753292.0,3.0
1684,240972649.0,3.0
2358,480088386.0,3.0
2606,600594999.0,3.0
3363,2241721448.0,3.0
749,37830882.0,0.0
3425,2305041670.0,3.0
1449,160431379.0,3.0
2390,497525756.0,3.0
2620,612939445.0,0.0
4096,4728119962.0,3.0
386,22220344.0,3.0
1358,132567655.0,3.0
1435,157531399.0,3.0
1680,239975574.0,3.0
818,42986220.0,3.0
3500,2420872921.0,3.0
836,44065128.0,0.0
3830,3021401323.0,3.0
1754,257090797.0,3.0
3534,2471286182.0,0.0
550,27918862.0,3.0
2502,553239849.0,3.0
3507,2430793050.0,0.0
376,21951647.0,3.0
3317,2181313565.0,3.0
3510,2434655468.0,3.0
915,51878780.0,3.0
4110,4822577727.0,3.0
4112,4850977700.0,3.0
2397,501142729.0,3.0
3688,2784671755.0,3.0
60,9044272.0,3.0
1437,157856554.0,3.0
3499,2419880006.0,1.0
781,40957711.0,3.0
722,36140130.0,3.0
712,35573266.0,2.0
2656,634746669.0,0.0
2775,821955228.0,3.0
761,39292516.0,3.0
2080,363974611.0,3.0
1008,65961413.0,1.0
3491,2404560468.0,1.0
2947,1073408982.0,0.0
1350,130803056.0,2.0
229,17079667.0,3.0
2961,1111109582.0,3.0
1327,125811408.0,3.0
3579,2555347734.0,1.0
2505,554774295.0,3.0
3206,1636930081.0,3.0
3672,2758479022.0,3.0
3177,1581299677.0,3.0
1219,99024553.0,1.0
345,20954990.0,3.0
3719,2830146989.0,3.0
1339,128745116.0,3.0
2770,818490121.0,0.0
3444,2326335598.0,3.0
1524,183632264.0,3.0
431,23521579.0,3.0
1566,195429343.0,3.0
1351,131088528.0,3.0
2042,349319127.0,3.0
1837,283718882.0,3.0
2764,813547970.0,3.0
2587,588721480.0,3.0
3840,3036979154.0,3.0
3615,2610159810.0,1.0
1506,175628330.0,3.0
1537,188035831.0,3.0
363,21675274.0,3.0
513,26277872.0,3.0
1550,190864491.0,3.0
2365,484382551.0,1.0
755,38563585.0,3.0
2169,393804273.0,3.0
149,15437696.0,3.0
53,7926272.0,3.0
328,20029003.0,1.0
2976,1135271220.0,3.0
1158,87463442.0,3.0
2262,428218169.0,3.0
2066,357111355.0,3.0
3975,3362780789.0,3.0
3276,1905102073.0,3.0
1834,283253196.0,3.0
1498,174367426.0,3.0
991,63334547.0,3.0
1720,247664818.0,3.0
401,22795567.0,3.0
1353,131302634.0,3.0
489,25343166.0,3.0
2279,435767779.0,3.0
4131,7.39e+17,3.0
1730,251322839.0,3.0
2695,734978778.0,3.0
2993,1162687621.0,2.0
1733,252227907.0,1.0
4053,4039821604.0,3.0
833,43697254.0,3.0
2430,518088470.0,0.0
580,28928735.0,3.0
2629,619472976.0,3.0
3973,3353915879.0,1.0
266,17956633.0,3.0
662,32935113.0,3.0
448,23929712.0,3.0
353,21375121.0,3.0
1610,212271663.0,3.0
3787,2925423244.0,3.0
1124,80957658.0,3.0
20,3144431.0,3.0
2400,502245806.0,3.0
1123,80914459.0,3.0
2164,392413732.0,3.0
2286,440493666.0,3.0
2388,495633656.0,3.0
3998,3424478625.0,3.0
2528,561637252.0,3.0
2309,450318581.0,3.0
746,37655587.0,3.0
1532,185872686.0,3.0
1427,155404660.0,3.0
3898,3178803853.0,1.0
1200,94438932.0,0.0
2595,594913523.0,3.0
1590,204449664.0,3.0
3014,1217476284.0,1.0
2054,352617999.0,3.0
523,26750616.0,3.0
3209,1644242924.0,1.0
2512,556435591.0,0.0
3749,2886591170.0,3.0
1152,86560527.0,3.0
2081,363992465.0,1.0
312,19310228.0,3.0
719,35982670.0,0.0
1233,102872465.0,3.0
3134,1495647980.0,3.0
3772,2906892893.0,3.0
3866,3112104673.0,3.0
3841,3037301653.0,3.0
602,29859592.0,3.0
728,36397306.0,3.0
2738,785818974.0,3.0
192,16247779.0,3.0
998,64298629.0,3.0
868,47165038.0,3.0
3452,2355091214.0,0.0
3063,1330258434.0,3.0
2119,376249423.0,3.0
3069,1344042366.0,3.0
1922,317134847.0,3.0
3831,3021835009.0,3.0
3654,2732986154.0,3.0
2963,1112560058.0,3.0
1888,304580086.0,3.0
2912,1024516506.0,3.0
3779,2913974602.0,3.0
608,30017722.0,3.0
1540,188869064.0,0.0
713,35634690.0,3.0
2063,355032949.0,3.0
3682,2770902545.0,0.0
1150,86187517.0,3.0
2223,413186058.0,1.0
1009,65962574.0,3.0
3930,3249927378.0,3.0
26,4339771.0,3.0
908,51480688.0,0.0
709,35363840.0,3.0
1914,313954905.0,1.0
3681,2764687093.0,3.0
3418,2301164574.0,3.0
2219,411162914.0,0.0
3674,2759657456.0,3.0
2374,488032128.0,3.0
2403,503889593.0,3.0
3650,2728162654.0,3.0
1564,194394101.0,0.0
453,24074553.0,3.0
802,42251312.0,3.0
3729,2850045441.0,3.0
1661,233950353.0,3.0
3603,2587909114.0,0.0
969,59791160.0,3.0
261,17776039.0,3.0
3715,2825159372.0,3.0
2837,890066966.0,3.0
985,62423992.0,3.0
1752,256616750.0,3.0
236,17312360.0,3.0
705,35170490.0,2.0
1360,132738666.0,3.0
1968,329482538.0,2.0
1748,255608148.0,2.0
2508,555518833.0,0.0
1890,305165118.0,3.0
3125,1480407091.0,1.0
4082,4412686997.0,2.0
2883,970253204.0,3.0
764,39931019.0,3.0
3805,2977052470.0,3.0
2144,385556176.0,3.0
1818,274768569.0,3.0
3471,2379242186.0,3.0
2741,787517636.0,3.0
3472,2380712103.0,0.0
2644,626520987.0,3.0
2065,356496523.0,3.0
3530,2468104651.0,3.0
280,18310576.0,0.0
905,51205938.0,3.0
675,33578638.0,1.0
2287,441941431.0,3.0
2343,471638985.0,0.0
1052,70517435.0,3.0
3611,2597223242.0,3.0
923,52763277.0,3.0
1724,249998917.0,3.0
1749,255805677.0,3.0
3814,2995185392.0,3.0
2259,427017435.0,3.0
1402,148151249.0,3.0
591,29366431.0,3.0
3842,3038079105.0,3.0
3953,3307464971.0,3.0
3623,2637453008.0,3.0
410,23105081.0,1.0
1633,221521353.0,3.0
1507,176557817.0,3.0
3064,1330644060.0,3.0
3294,1965257323.0,3.0
2006,339517674.0,3.0
3397,2281653608.0,3.0
737,36837065.0,3.0
2,722153.0,2.0
3436,2317493670.0,3.0
4121,4895831833.0,3.0
1952,326792265.0,3.0
2122,377046771.0,3.0
1710,246059864.0,3.0
3200,1631850295.0,3.0
2647,628465156.0,3.0
4044,3906667697.0,3.0
2384,494902639.0,3.0
3558,2524187783.0,3.0
2471,540310244.0,3.0
1439,158122548.0,3.0
1573,197641133.0,3.0
1166,88844819.0,3.0
3803,2975120945.0,3.0
1699,245012097.0,3.0
2618,611420975.0,3.0
2824,872715162.0,3.0
196,16329047.0,3.0
2636,622341954.0,3.0
1789,266632471.0,0.0
1440,158649769.0,3.0
2626,618480612.0,3.0
118,14560910.0,3.0
723,36144546.0,3.0
3612,2599039541.0,3.0
2917,1034131069.0,3.0
1049,70170876.0,3.0
518,26565850.0,3.0
1727,251082217.0,3.0
1172,89586377.0,3.0
2427,517950064.0,3.0
4120,4895390642.0,1.0
623,30729030.0,0.0
2387,495560416.0,3.0
2800,839279964.0,3.0
1248,105943504.0,3.0
3369,2252667044.0,3.0
2162,392044767.0,3.0
2193,401458246.0,2.0
1106,77875782.0,3.0
2139,384038133.0,3.0
1176,90269283.0,3.0
2404,503975451.0,3.0
1658,232748467.0,0.0
2155,389773311.0,3.0
3845,3044744679.0,3.0
3207,1643404867.0,3.0
3244,1711251450.0,3.0
4012,3559452553.0,3.0
924,52928272.0,3.0
3234,1695161293.0,3.0
1571,196867688.0,3.0
3462,2364700704.0,3.0
4006,3452337083.0,3.0
82,11623142.0,3.0
3872,3124818526.0,3.0
2853,920138382.0,3.0
3589,2567787636.0,3.0
3300,2148210860.0,3.0
1446,159957735.0,0.0
1356,132239282.0,3.0
3364,2245074192.0,3.0
3809,2984390205.0,3.0
10,1143891.0,2.0
3997,3424353734.0,2.0
652,32474421.0,3.0
3651,2730110218.0,3.0
1828,280694229.0,3.0
72,10797732.0,3.0
32,5666752.0,3.0
2220,411286431.0,3.0
2900,1007743088.0,3.0
2148,388328258.0,3.0
2706,746498455.0,3.0
3635,2690572039.0,3.0
1452,160757217.0,3.0
3376,2257167066.0,3.0
2785,831332472.0,3.0
3372,2254098764.0,3.0
3252,1735700341.0,3.0
3216,1658356795.0,3.0
3351,2224032653.0,3.0
918,52057534.0,3.0
1429,155762769.0,3.0
3825,3014751527.0,3.0
2831,881195035.0,3.0
1171,89493940.0,3.0
1794,267927665.0,0.0
2264,429465543.0,3.0
2772,819964860.0,3.0
1177,90280088.0,3.0
374,21845736.0,3.0
3971,3346869678.0,2.0
3489,2400959006.0,2.0
579,28922122.0,0.0
3636,2691293058.0,3.0
1388,139847757.0,3.0
248,17563678.0,3.0
40,6479382.0,0.0
1444,159718243.0,3.0
4063,4102860683.0,0.0
1901,308691800.0,3.0
3454,2355825162.0,3.0
256,17721049.0,3.0
2000,336896692.0,3.0
3811,2988678112.0,3.0
148,15436890.0,3.0
1368,134630078.0,2.0
3528,2462780591.0,1.0
378,21993309.0,3.0
473,24793083.0,3.0
2968,1115706397.0,3.0
2123,377294210.0,3.0
874,47443843.0,3.0
899,50251845.0,3.0
1703,245204127.0,3.0
2291,444055370.0,3.0
2142,384623781.0,3.0
3542,2485421060.0,3.0
1065,73261079.0,0.0
1871,298241881.0,3.0
1312,121340181.0,3.0
2282,437563475.0,3.0
1912,313630804.0,3.0
1386,139277276.0,3.0
3315,2181179323.0,3.0
3438,2318242418.0,3.0
3035,1263130170.0,3.0
1450,160552464.0,3.0
2597,595651609.0,3.0
2577,581004200.0,3.0
56,8406662.0,3.0
1870,297735071.0,3.0
3706,2817465591.0,1.0
1458,161711324.0,3.0
831,43454966.0,3.0
2093,368691953.0,1.0
2523,559906449.0,3.0
3353,2227556088.0,3.0
3736,2864476919.0,3.0
1934,322734024.0,3.0
1679,239911752.0,3.0
161,15703735.0,3.0
1387,139532149.0,0.0
3358,2235829443.0,3.0
2792,835545732.0,3.0
355,21445028.0,3.0
895,49824599.0,3.0
1089,75704004.0,3.0
533,27198592.0,3.0
343,20751098.0,1.0
2024,345507673.0,3.0
3199,1631311909.0,3.0
1053,70641718.0,3.0
3634,2685567771.0,1.0
3974,3355968977.0,3.0
1213,97293439.0,3.0
3383,2265420417.0,0.0
635,31349248.0,2.0
3004,1204050956.0,3.0
106,14296407.0,3.0
2479,542248830.0,3.0
43,7074382.0,2.0
2851,919565035.0,3.0
4099,4740686001.0,3.0
122,14682492.0,3.0
980,61668553.0,3.0
482,25139243.0,3.0
3690,2786606790.0,3.0
758,38997203.0,3.0
1165,88832928.0,3.0
3774,2907316207.0,3.0
437,23623869.0,3.0
1305,118872440.0,3.0
3077,1357110091.0,3.0
132,15034178.0,1.0
2422,516559037.0,0.0
3531,2470063771.0,3.0
1866,296810336.0,1.0
3327,2192318795.0,3.0
422,23337497.0,3.0
3533,2470311087.0,0.0
1157,87033875.0,3.0
3582,2557410338.0,3.0
3427,2309456114.0,3.0
546,27694069.0,3.0
738,36935456.0,3.0
3022,1239864266.0,3.0
3932,3258561313.0,1.0
432,23522693.0,3.0
3789,2931733350.0,3.0
686,33960377.0,3.0
2068,359220809.0,2.0
1603,210434332.0,3.0
1167,89066994.0,1.0
4098,4739772853.0,3.0
2568,577757790.0,3.0
1825,277640455.0,3.0
2391,498381570.0,3.0
2308,450308852.0,3.0
560,28190854.0,3.0
2152,389100921.0,3.0
2560,574866369.0,3.0
2245,422410391.0,3.0
3786,2921378467.0,3.0
2678,718243483.0,3.0
1489,172171867.0,0.0
1655,231472735.0,3.0
1247,105934455.0,3.0
4103,4777151356.0,3.0
3813,2994526107.0,3.0
3051,1315492165.0,3.0
747,37789184.0,3.0
2558,574090577.0,3.0
2540,566657354.0,3.0
2635,621603379.0,3.0
596,29579036.0,3.0
2496,551265204.0,3.0
47,7348342.0,3.0
2033,347576698.0,3.0
3792,2940376415.0,3.0
1420,153494612.0,0.0
3759,2896225672.0,3.0
846,44851386.0,3.0
2296,446700477.0,3.0
3518,2444518922.0,3.0
1937,323239270.0,0.0
3999,3425196581.0,3.0
1196,93550545.0,2.0
3788,2925933183.0,3.0
451,24046872.0,3.0
1843,285893239.0,3.0
3655,2733345421.0,3.0
1766,260255296.0,3.0
3028,1245172388.0,3.0
3047,1301642941.0,3.0
634,31328365.0,3.0
3219,1662881394.0,0.0
2197,403662373.0,3.0
1091,76076958.0,3.0
822,43020875.0,3.0
3765,2900104471.0,3.0
2567,577688816.0,3.0
817,42934146.0,3.0
1034,68070807.0,2.0
3769,2903967022.0,3.0
1990,334291768.0,3.0
782,40962780.0,3.0
2737,785634740.0,3.0
3333,2199801978.0,3.0
2350,476767152.0,3.0
1234,103453644.0,3.0
3362,2239733833.0,1.0
890,49168103.0,3.0
3762,2897031072.0,3.0
2594,594613802.0,3.0
1812,274072229.0,3.0
1526,183869227.0,3.0
90,13361832.0,2.0
784,40995527.0,3.0
2022,344511087.0,3.0
1379,138510436.0,3.0
1045,69642227.0,3.0
2292,444617649.0,3.0
152,15519857.0,3.0
906,51244561.0,0.0
3701,2799285827.0,3.0
3770,2904538677.0,3.0
1638,222264347.0,3.0
537,27371913.0,3.0
3599,2579635009.0,3.0
3600,2580080726.0,3.0
1499,174640334.0,2.0
1259,108736461.0,3.0
1964,328803171.0,3.0
131,14961098.0,3.0
2201,404349377.0,3.0
4088,4566092245.0,3.0
3272,1884781243.0,3.0
3562,2527719612.0,3.0
2127,377782593.0,3.0
224,16947603.0,3.0
1539,188354347.0,3.0
1800,269676746.0,3.0
2980,1138363777.0,2.0
3466,2371128043.0,3.0
2985,1152226788.0,3.0
1649,227693052.0,3.0
1839,285258825.0,3.0
290,18608662.0,3.0
4020,3616022660.0,3.0
3949,3299819780.0,3.0
893,49542532.0,3.0
146,15419131.0,3.0
3846,3047072627.0,3.0
892,49454625.0,2.0
862,46566338.0,3.0
930,53757127.0,0.0
1782,264361827.0,3.0
440,23670939.0,3.0
3238,1700417964.0,3.0
2051,351982891.0,3.0
3442,2325112610.0,1.0
780,40832166.0,3.0
505,26051041.0,3.0
1805,271527932.0,1.0
484,25169130.0,3.0
3304,2161782876.0,0.0
800,42039963.0,3.0
1038,68904928.0,3.0
2248,424507759.0,3.0
2116,374499757.0,3.0
3965,3323699762.0,3.0
292,18623360.0,3.0
3377,2260653506.0,0.0
1612,213542763.0,3.0
2898,1002937842.0,3.0
1988,334083471.0,0.0
3777,2911420273.0,3.0
3620,2615742738.0,3.0
707,35236490.0,3.0
1578,199867999.0,3.0
689,34382104.0,3.0
3176,1576319239.0,3.0
2757,807892592.0,3.0
2071,361221950.0,3.0
1596,207226664.0,1.0
736,36809834.0,3.0
2199,404123521.0,3.0
2188,400174123.0,3.0
624,30763639.0,3.0
3186,1601812158.0,3.0
2294,445622062.0,3.0
337,20487044.0,3.0
128,14851038.0,3.0
3299,2147935069.0,3.0
3212,1648404864.0,3.0
1983,333160830.0,3.0
3637,2695579559.0,3.0
1865,296620092.0,3.0
2363,481774027.0,3.0
1260,108855018.0,3.0
3768,2902516750.0,2.0
989,62990956.0,3.0
3730,2856890664.0,3.0
3139,1514546700.0,1.0
1245,105646121.0,3.0
873,47387465.0,3.0
233,17215442.0,3.0
3187,1601993131.0,3.0
418,23251048.0,3.0
30,5371102.0,3.0
3127,1486617637.0,3.0
790,41456869.0,3.0
507,26091325.0,3.0
2709,750268519.0,3.0
1690,242603089.0,3.0
4014,3581264895.0,3.0
954,57450391.0,1.0
2227,414601735.0,3.0
2328,463281983.0,3.0
2452,529343235.0,3.0
653,32549836.0,3.0
1460,162038218.0,2.0
3901,3179533568.0,3.0
2514,556548129.0,3.0
1811,273755377.0,3.0
2307,450128822.0,3.0
4022,3621133637.0,3.0
143,15369325.0,3.0
306,19083393.0,3.0
2344,472479280.0,3.0
595,29506510.0,3.0
3391,2271355986.0,3.0
967,59030235.0,3.0
3236,1697484798.0,3.0
1016,66884741.0,3.0
1276,111412057.0,3.0
420,23334389.0,3.0
958,58008015.0,3.0
3483,2391702618.0,3.0
1572,197155165.0,3.0
2050,351973809.0,3.0
2871,948561462.0,3.0
2694,733807508.0,3.0
759,39029247.0,3.0
2858,933528180.0,3.0
2575,580226141.0,3.0
1821,276670771.0,3.0
2281,437291595.0,3.0
1079,74016569.0,3.0
631,31061641.0,0.0
1408,148564357.0,3.0
2818,863112540.0,3.0
1115,79204377.0,3.0
1047,70020271.0,3.0
1893,306495414.0,3.0
4057,4076790501.0,3.0
1542,189715498.0,3.0
1521,182215996.0,3.0
3883,3152753374.0,3.0
687,34010194.0,3.0
3378,2261464053.0,3.0
3171,1564433604.0,3.0
1840,285341840.0,0.0
1602,209783736.0,3.0
1930,319842777.0,3.0
3148,1537643630.0,3.0
702,35104511.0,3.0
3796,2952301456.0,3.0
922,52591709.0,0.0
262,17821435.0,1.0
1321,124236002.0,0.0
365,21686191.0,3.0
2194,401507572.0,3.0
2637,623373926.0,3.0
2463,535499482.0,3.0
1827,279898634.0,3.0
3709,2821424842.0,3.0
2645,626896806.0,3.0
2218,410198865.0,3.0
2137,382480516.0,3.0
1637,222188599.0,3.0
3606,2592291506.0,3.0
548,27813723.0,3.0
2735,783686216.0,3.0
1848,289669285.0,0.0
1939,323272526.0,3.0
804,42365904.0,3.0
2330,464359903.0,3.0
1231,102835408.0,3.0
503,26030462.0,3.0
3697,2797106562.0,3.0
951,56548950.0,3.0
2501,552914269.0,3.0
3072,1352780612.0,3.0
2459,533657219.0,3.0
880,47805707.0,3.0
289,18591345.0,3.0
1103,77594381.0,3.0
3283,1923970171.0,3.0
3524,2456041950.0,3.0
2941,1064454056.0,0.0
115,14435859.0,3.0
3752,2891941910.0,3.0
3532,2470121857.0,2.0
1982,333015324.0,0.0
1137,82504828.0,3.0
3609,2596620258.0,3.0
767,40005291.0,1.0
1773,261397539.0,3.0
3683,2772048276.0,3.0
259,17752639.0,3.0
2226,414462221.0,0.0
2433,519217829.0,3.0
3241,1707854286.0,3.0
1570,196791586.0,3.0
1501,174726742.0,3.0
4119,4892715256.0,3.0
3516,2440731428.0,3.0
2105,370699097.0,3.0
1791,266989246.0,3.0
3573,2548680540.0,3.0
2078,363701612.0,3.0
2679,721142250.0,3.0
1551,191853113.0,3.0
1220,99025827.0,3.0
2847,912042486.0,3.0
3099,1398294175.0,0.0
957,57877128.0,3.0
222,16897580.0,3.0
208,16538871.0,3.0
517,26526284.0,3.0
2157,390263180.0,3.0
464,24463173.0,3.0
265,17942510.0,3.0
643,31893543.0,3.0
3075,1355999156.0,3.0
3529,2466899420.0,3.0
3079,1358207202.0,3.0
1246,105867449.0,3.0
3892,3167930208.0,3.0
3392,2271417056.0,3.0
3818,3005791475.0,0.0
2879,961244959.0,3.0
116,14457390.0,0.0
1426,155092993.0,3.0
1134,82290403.0,3.0
1659,233092315.0,3.0
2348,475045299.0,3.0
1958,327614166.0,3.0
452,24067153.0,3.0
3889,3166193916.0,0.0
3922,3237210811.0,3.0
3732,2859608548.0,3.0
2780,826747951.0,3.0
3482,2390115180.0,3.0
990,63010830.0,3.0
2888,979776470.0,3.0
1364,133818632.0,3.0
2750,799467108.0,3.0
3753,2892010517.0,3.0
852,45175775.0,3.0
487,25330884.0,3.0
1954,326965199.0,3.0
979,61663024.0,3.0
326,19957642.0,3.0
2748,794844643.0,3.0
1197,93710676.0,3.0
711,35513134.0,3.0
2478,542126727.0,2.0
3504,2426460366.0,3.0
155,15570793.0,3.0
3408,2293409850.0,0.0
4010,3517404553.0,3.0
2639,623968960.0,3.0
2447,525700609.0,2.0
44,7097802.0,3.0
3937,3275329489.0,3.0
1330,126009360.0,3.0
3794,2949758896.0,3.0
2041,349197096.0,3.0
2553,573135509.0,3.0
2069,360956023.0,3.0
2349,476514411.0,1.0
2072,361444774.0,3.0
1664,235315105.0,3.0
3607,2595314495.0,0.0
3993,3405253071.0,3.0
2544,568112020.0,0.0
2967,1115554452.0,3.0
416,23242546.0,3.0
1722,249227650.0,3.0
1112,78774879.0,3.0
205,16438708.0,3.0
3569,2538473441.0,3.0
272,18089158.0,3.0
3291,1961687341.0,3.0
382,22054906.0,3.0
299,18760058.0,3.0
3893,3169333664.0,3.0
1538,188059985.0,3.0
1777,262673727.0,3.0
3895,3173352986.0,1.0
252,17587485.0,2.0
644,31905992.0,3.0
2692,731329902.0,3.0
2919,1035352429.0,0.0
3539,2477244616.0,0.0
351,21182582.0,3.0
984,62126010.0,3.0
820,43000103.0,3.0
3833,3024065756.0,3.0
71,10773912.0,3.0
1043,69404220.0,3.0
1253,107597358.0,3.0
3829,3018706812.0,3.0
1288,113757853.0,3.0
4034,3796413315.0,3.0
2969,1115736440.0,3.0
3120,1475671686.0,3.0
2682,723436777.0,3.0
2138,383559157.0,3.0
2454,529790936.0,3.0
3563,2528557369.0,2.0
2089,366961277.0,3.0
3508,2432527262.0,2.0
3945,3290941048.0,3.0
670,33354054.0,0.0
2822,867054594.0,3.0
823,43087457.0,3.0
553,27996959.0,3.0
4100,4764176880.0,3.0
1975,330917518.0,3.0
3903,3182057718.0,3.0
3915,3219670854.0,3.0
2721,764956850.0,3.0
1139,83103682.0,2.0
1068,73498586.0,0.0
1477,166458893.0,3.0
3388,2269554663.0,3.0
3783,2919956946.0,3.0
1447,159970570.0,3.0
1310,120839897.0,3.0
3598,2579034420.0,3.0
156,15594712.0,3.0
9,1025311.0,3.0
419,23317208.0,3.0
3881,3145892637.0,3.0
2273,433226765.0,3.0
177,15890907.0,3.0
3049,1305330828.0,0.0
1915,314283408.0,3.0
1163,88347876.0,3.0
1519,181246119.0,0.0
3191,1611850802.0,3.0
384,22175620.0,3.0
1494,173554412.0,3.0
516,26328096.0,3.0
1250,106513666.0,3.0
15,1605181.0,3.0
1296,116037845.0,3.0
2171,394693356.0,3.0
2574,579811963.0,3.0
404,22875015.0,3.0
2114,373623232.0,3.0
317,19483680.0,3.0
1688,242136273.0,3.0
2487,546047624.0,3.0
795,41645088.0,3.0
1117,79290701.0,3.0
2838,891386358.0,2.0
2032,347449468.0,1.0
3361,2238233467.0,3.0
1109,78365468.0,3.0
2812,854198532.0,3.0
370,21807454.0,0.0
1013,66501057.0,0.0
2788,833451786.0,3.0
2106,370946722.0,3.0
62,9411542.0,3.0
2958,1107356203.0,3.0
1651,228675518.0,0.0
2531,564210319.0,3.0
1010,65974777.0,0.0
3618,2615001371.0,3.0
1128,81602912.0,3.0
1841,285363986.0,3.0
3145,1524205824.0,3.0
3258,1850124325.0,3.0
2414,510958325.0,3.0
2867,946586382.0,3.0
4070,4245785474.0,3.0
3685,2778320999.0,3.0
2915,1032055424.0,0.0
466,24476975.0,3.0
2860,934916089.0,3.0
506,26077444.0,3.0
3561,2525918133.0,3.0
3827,3015960470.0,3.0
1174,89834371.0,3.0
751,38297701.0,0.0
1842,285655428.0,3.0
1776,262589820.0,3.0
2477,541885615.0,0.0
3407,2293307498.0,3.0
3851,3065867970.0,1.0
7,865071.0,3.0
1606,211402106.0,3.0
1445,159860167.0,3.0
136,15143247.0,3.0
2208,405869085.0,3.0
2601,598015201.0,3.0
744,37512058.0,3.0
2108,371175491.0,3.0
3019,1228096226.0,3.0
417,23247502.0,3.0
2685,726952964.0,3.0
239,17397335.0,3.0
1035,68150274.0,3.0
3662,2740287716.0,3.0
1304,118738723.0,3.0
1094,76327781.0,3.0
61,9079602.0,3.0
600,29830066.0,3.0
2939,1060895292.0,3.0
853,45479392.0,1.0
3169,1562088236.0,3.0
3517,2442136598.0,3.0
739,37063566.0,3.0
4078,4351865122.0,1.0
282,18346407.0,3.0
2928,1044097974.0,3.0
1148,84940905.0,0.0
2653,633412658.0,2.0
1361,132971197.0,3.0
2010,340429755.0,3.0
1236,104729015.0,3.0
4077,4345040669.0,3.0
1195,93536865.0,3.0
1704,245476234.0,3.0
753,38506527.0,3.0
1077,73881400.0,3.0
409,23104051.0,0.0
1632,221415923.0,3.0
622,30712159.0,3.0
3972,3352812676.0,3.0
1552,191876585.0,3.0
4064,4108670475.0,3.0
3966,3323849986.0,0.0
3743,2875219086.0,3.0
2153,389234221.0,3.0
3013,1217020981.0,3.0
3078,1358180336.0,3.0
898,50215823.0,3.0
3622,2633283102.0,2.0
2686,727241983.0,3.0
3172,1564877802.0,3.0
4026,3706464552.0,3.0
3704,2808622470.0,3.0
2322,458912040.0,1.0
1110,78394144.0,3.0
861,46262783.0,3.0
3921,3232444234.0,0.0
2897,996356186.0,1.0
3952,3306356675.0,0.0
3864,3103589786.0,3.0
1772,260997237.0,1.0
483,25142445.0,3.0
55,8194092.0,3.0
1735,252648352.0,3.0
2605,600543359.0,3.0
23,3544741.0,3.0
1493,173412135.0,3.0
441,23673790.0,3.0
2339,469487054.0,3.0
212,16549282.0,3.0
1277,111515709.0,3.0
2641,624617708.0,3.0
1143,84100749.0,3.0
3739,2866251564.0,2.0
1281,112531904.0,3.0
1737,253350632.0,1.0
285,18498215.0,3.0
3235,1695599899.0,3.0
3002,1184730818.0,0.0
1529,185359397.0,3.0
4095,4710718598.0,3.0
2324,460463231.0,3.0
1711,246130498.0,3.0
2918,1035115242.0,3.0
2423,516601646.0,3.0
3183,1592121240.0,3.0
341,20656191.0,3.0
1852,291373664.0,3.0
2810,851926706.0,3.0
611,30227100.0,3.0
663,32953389.0,3.0
3733,2859825329.0,3.0
3689,2786498322.0,3.0
51,7765472.0,3.0
1836,283640896.0,3.0
3917,3224857470.0,2.0
843,44608337.0,3.0
3920,3231857638.0,3.0
1814,274549227.0,3.0
242,17447251.0,2.0
618,30560989.0,3.0
3435,2316649928.0,1.0
3249,1726390692.0,3.0
385,22192955.0,3.0
1300,117795400.0,3.0
1725,250349069.0,3.0
3543,2495342468.0,3.0
871,47256718.0,3.0
2926,1043376614.0,3.0
2677,716829554.0,3.0
2079,363943044.0,0.0
725,36200624.0,3.0
4094,4685486839.0,1.0
1677,239233123.0,0.0
1011,66441787.0,3.0
497,25615072.0,3.0
1384,139087965.0,0.0
2317,456395273.0,3.0
1207,95360868.0,3.0
1765,260148289.0,3.0
309,19258278.0,0.0
1286,113093901.0,3.0
2760,809757246.0,3.0
1793,267910998.0,0.0
3575,2549114401.0,3.0
3100,1398774890.0,2.0
1557,193059505.0,3.0
3424,2304730455.0,1.0
3479,2385912086.0,2.0
1295,115433242.0,3.0
105,14272973.0,3.0
1156,86865651.0,3.0
78,11198062.0,3.0
3565,2532820364.0,1.0
3588,2565742091.0,0.0
835,43930655.0,3.0
1847,288577711.0,3.0
2782,827647927.0,3.0
2101,370152408.0,3.0
308,19246122.0,1.0
589,29345746.0,3.0
3174,1569592922.0,3.0
3926,3245551989.0,3.0
1258,108722041.0,0.0
4074,4281628276.0,3.0
338,20488292.0,3.0
1682,240510177.0,3.0
1273,110695018.0,3.0
972,60149360.0,3.0
144,15382034.0,3.0
2044,350033957.0,3.0
2975,1130439524.0,3.0
2313,453408755.0,3.0
2884,976930808.0,3.0
636,31455575.0,3.0
2983,1140943262.0,1.0
1160,87495770.0,0.0
1473,165271837.0,3.0
221,16895618.0,3.0
1670,236478541.0,0.0
3849,3060710501.0,3.0
996,64087986.0,3.0
1936,322812533.0,3.0
2405,504692950.0,3.0
1046,69938164.0,3.0
2914,1029660138.0,3.0
2154,389748352.0,3.0
1533,186271891.0,3.0
13,1459461.0,3.0
1726,251063392.0,3.0
2555,573689798.0,3.0
369,21796452.0,3.0
1950,326495605.0,3.0
4002,3428858692.0,3.0
2854,923959368.0,1.0
469,24569746.0,3.0
3214,1653921162.0,0.0
3511,2434768125.0,3.0
172,15860422.0,3.0
2665,708411714.0,3.0
1714,247059779.0,1.0
3352,2227453291.0,3.0
535,27260554.0,3.0
1311,121295917.0,3.0
3468,2374601250.0,1.0
2585,585822046.0,3.0
21,3237521.0,3.0
1845,287226948.0,3.0
2088,366530970.0,3.0
218,16796041.0,3.0
2371,486527674.0,3.0
3916,3222318772.0,0.0
1527,185187745.0,3.0
3465,2369393906.0,3.0
680,33906712.0,3.0
1994,335469639.0,3.0
1598,208185508.0,3.0
810,42703067.0,3.0
50,7544592.0,3.0
2444,523941106.0,3.0
2895,990490230.0,3.0
2535,565050704.0,3.0
2474,541290681.0,3.0
3992,3402835817.0,3.0
1262,109135702.0,3.0
3096,1387994916.0,3.0
1562,193719000.0,3.0
1505,175424117.0,1.0
2549,570346602.0,3.0
1631,221264179.0,3.0
1853,291454505.0,3.0
2518,558346283.0,3.0
1051,70265196.0,3.0
2482,544658819.0,3.0
941,55640943.0,3.0
2999,1171481240.0,3.0
1116,79215153.0,3.0
692,34465025.0,3.0
1715,247130093.0,3.0
2565,576887409.0,1.0
2187,399803409.0,3.0
3414,2298505619.0,0.0
1099,77323350.0,3.0
2732,782683129.0,3.0
1318,123395194.0,3.0
3390,2271104306.0,3.0
1061,72693417.0,0.0
3496,2414740243.0,3.0
1705,245484018.0,3.0
439,23665666.0,3.0
2797,838843687.0,3.0
2759,809674321.0,3.0
275,18112871.0,3.0
2711,752753036.0,3.0
3184,1596840870.0,3.0
1326,125505919.0,0.0
720,35987884.0,3.0
323,19743660.0,3.0
1972,330447681.0,0.0
139,15221748.0,3.0
3806,2977401426.0,3.0
3102,1411932434.0,3.0
1108,78170242.0,3.0
654,32596943.0,3.0
2845,910191858.0,3.0
1323,124616387.0,3.0
1162,87752958.0,3.0
889,49137142.0,3.0
2777,822210312.0,3.0
2005,338817556.0,3.0
2299,447535293.0,3.0
2483,544871796.0,3.0
4093,4659071841.0,0.0
1404,148218734.0,0.0
411,23168247.0,3.0
685,33939485.0,3.0
3782,2915874246.0,3.0
2875,952930603.0,3.0
3570,2541510076.0,3.0
3105,1426651902.0,2.0
845,44749853.0,3.0
1929,319521300.0,3.0
2462,535234702.0,0.0
391,22386019.0,3.0
2921,1036685779.0,2.0
3163,1554468968.0,0.0
3594,2575473632.0,2.0
2783,830160776.0,3.0
1369,135319479.0,3.0
4029,3782325681.0,3.0
2145,386335740.0,3.0
2828,877040654.0,3.0
3586,2562237847.0,3.0
1485,171297954.0,3.0
3868,3118133584.0,3.0
2178,397682629.0,3.0
3838,3033719680.0,2.0
1329,125860658.0,3.0
2340,469803198.0,3.0
486,25327020.0,3.0
1736,253187118.0,3.0
3261,1858859676.0,3.0
1275,111056909.0,2.0
1063,73232250.0,3.0
64,9853352.0,2.0
1306,118944861.0,3.0
3602,2584173555.0,3.0
3785,2920350729.0,3.0
3190,1609120554.0,3.0
2806,844985370.0,3.0
1082,74597892.0,1.0
3597,2578816177.0,3.0
2817,861004128.0,3.0
95,14062421.0,3.0
3625,2654136130.0,3.0
1941,323459179.0,3.0
3464,2369258387.0,3.0
1647,226282163.0,3.0
1254,107836666.0,3.0
1589,203598484.0,0.0
1788,266397380.0,3.0
293,18658220.0,3.0
379,22005168.0,3.0
1069,73513591.0,0.0
1698,244674311.0,3.0
2450,527922020.0,3.0
3888,3163465127.0,3.0
1621,218329062.0,3.0
3968,3325987552.0,1.0
920,52286180.0,2.0
471,24658460.0,3.0
176,15879006.0,3.0
2666,708986202.0,3.0
270,18011565.0,3.0
3737,2864756633.0,3.0
1030,67830958.0,1.0
928,53423776.0,3.0
2373,488030499.0,3.0
520,26626778.0,3.0
2257,426854558.0,3.0
189,16194971.0,1.0
3890,3166318512.0,3.0
2419,514828155.0,3.0
1202,94588044.0,3.0
864,46701935.0,1.0
3117,1468613485.0,3.0
700,34847816.0,3.0
2094,368957972.0,3.0
45,7182022.0,3.0
3550,2510789233.0,3.0
4048,3973142338.0,3.0
3420,2301998024.0,3.0
173,15864167.0,3.0
150,15466017.0,3.0
2310,451918234.0,3.0
606,29965907.0,3.0
2532,564328187.0,3.0
1696,244321461.0,3.0
271,18037727.0,2.0
2643,626499728.0,3.0
2352,477333318.0,3.0
811,42738076.0,3.0
3617,2612733808.0,3.0
2839,894063788.0,3.0
2061,354675152.0,3.0
2546,568568645.0,3.0
367,21740223.0,1.0
832,43569052.0,3.0
2048,351810381.0,3.0
1050,70239709.0,3.0
1920,316227972.0,1.0
2751,801573060.0,0.0
467,24522352.0,3.0
829,43430160.0,3.0
1370,135655082.0,0.0
2301,447728061.0,3.0
3101,1409367860.0,3.0
3649,2727949156.0,3.0
566,28346145.0,3.0
2870,947071700.0,3.0
961,58219308.0,0.0
1831,282138713.0,3.0
1455,161335500.0,1.0
3098,1390795742.0,3.0
46,7211262.0,3.0
1846,287400423.0,3.0
2302,448462342.0,1.0
3316,2181282702.0,1.0
1584,202852738.0,3.0
87,13059962.0,3.0
2852,919942688.0,1.0
291,18617888.0,3.0
2769,818449555.0,3.0
2520,558776137.0,3.0
541,27569444.0,3.0
504,26032633.0,0.0
563,28260118.0,3.0
1392,141794099.0,3.0
937,54722700.0,3.0
288,18589647.0,3.0
253,17638725.0,1.0
3574,2548877706.0,3.0
3962,3316308540.0,3.0
310,19295721.0,3.0
769,40161926.0,3.0
542,27619987.0,0.0
850,45087251.0,3.0
2651,632971213.0,3.0
3912,3199982062.0,3.0
3956,3311150741.0,0.0
1758,258526306.0,3.0
855,45568773.0,3.0
870,47253507.0,3.0
2690,730849968.0,3.0
300,18779480.0,3.0
3657,2736928696.0,3.0
2590,592656878.0,3.0
2232,415246895.0,3.0
3549,2509346532.0,3.0
3860,3076452814.0,3.0
2840,896492600.0,3.0
3745,2880403279.0,0.0
3153,1544791616.0,3.0
3137,1507930579.0,3.0
4114,4863919091.0,3.0
3141,1518193814.0,2.0
3506,2430751891.0,3.0
3935,3268888118.0,1.0
2905,1012410642.0,3.0
332,20201869.0,1.0
1910,312803960.0,3.0
2538,565822574.0,3.0
2428,518043546.0,3.0
2070,361152628.0,3.0
860,46183397.0,3.0
2924,1042589929.0,3.0
1860,294440776.0,3.0
2205,405074580.0,3.0
3938,3278977857.0,3.0
1617,216078878.0,3.0
1838,284206881.0,0.0
1616,214961049.0,3.0
1228,101635595.0,1.0
936,54701103.0,3.0
1017,66986565.0,3.0
2880,965147732.0,3.0
3224,1679923915.0,3.0
1251,107031829.0,2.0
4090,4586501604.0,3.0
2402,503246270.0,3.0
3873,3127659802.0,3.0
2670,710854230.0,3.0
84,12056712.0,3.0
1492,173302630.0,3.0
283,18382072.0,3.0
216,16687188.0,3.0
757,38663278.0,3.0
3399,2284346160.0,3.0
2705,745425062.0,3.0
2593,594265216.0,3.0
3103,1413773527.0,3.0
457,24209963.0,3.0
3338,2203981595.0,3.0
3495,2413360371.0,3.0
3692,2790075383.0,0.0
3668,2753027889.0,3.0
3581,2556136994.0,3.0
114,14429994.0,3.0
1291,114272678.0,0.0
1092,76231594.0,3.0
543,27633619.0,3.0
1804,271289190.0,3.0
2603,600042597.0,3.0
1757,258055703.0,1.0
3924,3242876653.0,3.0
2684,726787651.0,3.0
667,33155723.0,3.0
2991,1158955148.0,3.0
2053,352076144.0,3.0
1409,148916926.0,3.0
2916,1033945436.0,0.0
2657,636270116.0,3.0
324,19882614.0,3.0
3461,2360611818.0,3.0
1900,308689825.0,3.0
3089,1372476151.0,3.0
3488,2400931034.0,3.0
333,20212455.0,3.0
1391,141774315.0,3.0
3157,1547185496.0,3.0
4086,4504566980.0,3.0
1666,235372201.0,3.0
1833,283152453.0,3.0
1153,86570726.0,3.0
949,56428877.0,0.0
676,33685656.0,3.0
3402,2287593804.0,3.0
4025,3669844456.0,3.0
3855,3069457118.0,3.0
3314,2180905566.0,3.0
627,30920164.0,3.0
2341,470499221.0,3.0
281,18313905.0,3.0
3960,3313229142.0,3.0
3961,3315788803.0,3.0
2379,492472835.0,3.0
2417,512869595.0,3.0
2959,1107594948.0,3.0
3043,1287352308.0,3.0
4072,4256353932.0,3.0
1648,227561235.0,3.0
3340,2208208236.0,1.0
1923,317247656.0,1.0
3492,2404967816.0,3.0
2090,367258306.0,3.0
2929,1049101458.0,3.0
1036,68526592.0,3.0
2175,395522232.0,2.0
2747,794697360.0,0.0
109,14336742.0,3.0
2986,1155422263.0,3.0
2132,379828689.0,0.0
1563,193749809.0,3.0
3410,2294526605.0,3.0
993,63375358.0,0.0
1989,334213203.0,3.0
1324,124714713.0,2.0
1762,259483482.0,3.0
3816,3001441463.0,3.0
2255,426179765.0,3.0
1530,185396797.0,3.0
536,27310424.0,3.0
1528,185214663.0,3.0
2734,783558740.0,3.0
1268,109617442.0,3.0
3005,1205002178.0,3.0
2202,404568697.0,3.0
1238,104915685.0,0.0
3175,1575804001.0,3.0
3675,2760312862.0,3.0
3302,2160015228.0,3.0
2640,624046416.0,3.0
2876,956497700.0,3.0
159,15655288.0,3.0
2736,785408508.0,3.0
3678,2763554758.0,0.0
2163,392301640.0,3.0
1867,296840627.0,3.0
3784,2920144052.0,1.0
2909,1016637662.0,3.0
2742,788191704.0,3.0
1205,95252900.0,3.0
2763,811964467.0,3.0
2288,442847404.0,3.0
335,20461419.0,3.0
3059,1323108068.0,3.0
3445,2329522094.0,3.0
1255,108166052.0,0.0
2516,557374785.0,3.0
3033,1257453852.0,1.0
3546,2506110638.0,3.0
2103,370451043.0,3.0
2988,1157688656.0,3.0
164,15721421.0,1.0
3118,1470348570.0,3.0
1689,242546219.0,3.0
3110,1457976612.0,3.0
3744,2875921793.0,3.0
1717,247427155.0,3.0
2183,398471887.0,3.0
3585,2560820992.0,1.0
2143,385041438.0,3.0
58,8513432.0,3.0
3928,3249358214.0,3.0
1756,258049544.0,3.0
1037,68903271.0,0.0
1121,80640732.0,3.0
2971,1117714796.0,1.0
3927,3246861233.0,3.0
3246,1716973039.0,0.0
1405,148319560.0,3.0
1744,254767641.0,3.0
276,18144320.0,3.0
1347,130350369.0,3.0
2244,422044978.0,3.0
1883,302351723.0,3.0
2793,835878942.0,3.0
960,58159871.0,3.0
3824,3013845271.0,2.0
3519,2445617256.0,3.0
358,21554736.0,2.0
583,29105100.0,3.0
2207,405607938.0,3.0
1795,268388505.0,3.0
2031,347251053.0,3.0
2446,525338806.0,3.0
2118,375841470.0,0.0
754,38515972.0,3.0
3151,1542243944.0,3.0
151,15494123.0,3.0
1967,329471635.0,3.0
1154,86648893.0,3.0
1081,74361846.0,3.0
3985,3382744697.0,3.0
615,30398664.0,0.0
1925,317911064.0,3.0
4038,3832086733.0,3.0
976,61360050.0,3.0
3876,3133741969.0,3.0
2486,545572285.0,3.0
1706,245564616.0,1.0
110,14343915.0,3.0
1951,326642263.0,3.0
2377,491292325.0,3.0
1971,330086831.0,3.0
3346,2215207944.0,1.0
3566,2535572605.0,0.0
4021,3618761539.0,2.0
2241,420114634.0,0.0
2332,467004340.0,3.0
226,17027924.0,3.0
1256,108442756.0,3.0
760,39172835.0,3.0
3847,3051490694.0,3.0
22,3488451.0,2.0
3991,3400611814.0,3.0
57,8470262.0,1.0
1943,323583657.0,3.0
1145,84164465.0,3.0
2945,1072225454.0,3.0
4080,4362205038.0,3.0
3382,2265349069.0,3.0
1615,214356593.0,3.0
2720,764687948.0,3.0
2832,881347992.0,3.0
788,41305291.0,3.0
2469,539225999.0,3.0
1184,91500642.0,3.0
2225,413294359.0,0.0
2268,430698976.0,3.0
3301,2149601869.0,3.0
2537,565687835.0,3.0
2126,377744411.0,3.0
3874,3132206668.0,3.0
1646,225891628.0,3.0
2700,737566184.0,3.0
3919,3231716628.0,3.0
4045,3924536853.0,3.0
3021,1233321704.0,3.0
3029,1247718662.0,3.0
3863,3087808289.0,3.0
1206,95299054.0,3.0
2362,481583238.0,3.0
3178,1582834249.0,3.0
2592,594072658.0,3.0
41,6584072.0,3.0
3423,2302467720.0,3.0
2816,860699778.0,3.0
1131,82182729.0,3.0
2956,1104484718.0,3.0
3677,2763006832.0,3.0
364,21682546.0,3.0
1605,210944144.0,3.0
2749,799427767.0,3.0
2305,449849499.0,3.0
316,19472429.0,3.0
1755,257991488.0,3.0
3478,2385522354.0,3.0
4126,7.04e+17,2.0
2338,469129824.0,3.0
1027,67780480.0,3.0
3477,2384899626.0,3.0
2739,785903035.0,0.0
2266,430165027.0,3.0
1740,253629658.0,3.0
3400,2287323518.0,3.0
3525,2457173413.0,3.0
851,45154795.0,3.0
509,26108207.0,3.0
2809,851708173.0,3.0
1022,67446996.0,0.0
1363,133036816.0,3.0
762,39439242.0,0.0
1496,173977689.0,3.0
3208,1644076722.0,2.0
3724,2838681690.0,0.0
2948,1074269485.0,3.0
1059,72408746.0,0.0
3595,2575981686.0,1.0
1293,114970302.0,1.0
2740,786201799.0,3.0
460,24363231.0,3.0
2744,792588176.0,3.0
2368,485970717.0,3.0
2424,516917837.0,3.0
3000,1173978217.0,3.0
2206,405310411.0,3.0
2381,493049227.0,3.0
2420,514934821.0,3.0
2461,534509777.0,3.0
593,29478618.0,3.0
2515,556584210.0,3.0
223,16904444.0,3.0
1761,259410630.0,3.0
3325,2188988862.0,3.0
1593,205833553.0,3.0
2820,865460899.0,3.0
693,34601815.0,3.0
3882,3148876452.0,3.0
2394,499501746.0,1.0
2473,540580176.0,3.0
97,14170289.0,3.0
678,33739610.0,3.0
798,41735877.0,3.0
1104,77594970.0,3.0
2323,459985277.0,3.0
865,46776409.0,3.0
1299,117787715.0,3.0
1980,332628187.0,3.0
3323,2187038304.0,3.0
1597,207415695.0,1.0
3189,1605395239.0,1.0
3217,1658626062.0,3.0
154,15549792.0,1.0
824,43176795.0,3.0
2140,384546275.0,3.0
1949,325779979.0,3.0
2253,426013762.0,3.0
2534,564949993.0,1.0
2973,1123732903.0,3.0
187,16085494.0,3.0
438,23650180.0,3.0
3158,1547460468.0,3.0
442,23744591.0,3.0
2556,573722342.0,3.0
1362,133009895.0,3.0
2889,981680582.0,3.0
3653,2732904821.0,3.0
389,22328300.0,3.0
2886,977573312.0,3.0
777,40561960.0,3.0
79,11254832.0,3.0
3231,1689678355.0,3.0
3298,1978817443.0,0.0
1331,126105914.0,0.0
2306,449865904.0,3.0
2464,535869651.0,3.0
2077,363689472.0,0.0
2836,889947194.0,3.0
1569,196390131.0,3.0
2300,447655802.0,3.0
1280,112319854.0,0.0
3081,1359945506.0,3.0
2192,401072530.0,3.0
3817,3003977248.0,3.0
2087,366174301.0,3.0
2689,730670041.0,3.0
2460,533795288.0,3.0
665,33125629.0,3.0
4107,4809914381.0,3.0
3880,3145284958.0,2.0
3006,1205082344.0,3.0
1135,82359573.0,3.0
1479,167669892.0,3.0
666,33130809.0,3.0
1531,185638332.0,3.0
2124,377666108.0,3.0
3988,3388212273.0,3.0
1935,322750538.0,3.0
3996,3422743564.0,3.0
1884,302681727.0,3.0
2327,461920084.0,1.0
195,16279836.0,3.0
528,26936084.0,2.0
3748,2884628224.0,0.0
514,26288984.0,3.0
3263,1859706068.0,3.0
2346,473485734.0,3.0
2668,709731894.0,3.0
3180,1587168878.0,3.0
921,52311538.0,0.0
1229,101665807.0,1.0
1768,260652583.0,3.0
1411,149515376.0,3.0
4054,4051006282.0,0.0
3457,2358309367.0,3.0
797,41729544.0,0.0
2316,455960773.0,3.0
1675,238704779.0,3.0
1428,155475471.0,3.0
3536,2472873182.0,3.0
1676,239177956.0,3.0
1042,69142864.0,3.0
2186,399386737.0,0.0
2754,805091347.0,3.0
3055,1317308676.0,3.0
1927,319185927.0,3.0
3003,1202124020.0,1.0
4049,3981247277.0,3.0
342,20679843.0,3.0
202,16386234.0,1.0
2878,960968348.0,3.0
2841,897367644.0,0.0
2821,866395686.0,3.0
3954,3309852775.0,3.0
2117,375179702.0,0.0
881,47939756.0,3.0
3447,2334919192.0,3.0
571,28610967.0,3.0
1216,98939678.0,3.0
841,44321736.0,3.0
2345,472698389.0,3.0
2663,707305184.0,0.0
1193,93200746.0,3.0
228,17054905.0,3.0
2998,1167256855.0,1.0
68,10451182.0,3.0
907,51420078.0,3.0
4106,4800301291.0,3.0
4031,3788797455.0,3.0
4028,3732384855.0,3.0
1190,92828814.0,3.0
1078,73972269.0,0.0
2432,518915876.0,3.0
366,21707983.0,3.0
3144,1523489851.0,3.0
919,52232061.0,3.0
1583,202359122.0,3.0
397,22596076.0,3.0
2359,480469581.0,0.0
933,54110485.0,3.0
3556,2522078002.0,3.0
2746,794579815.0,3.0
3074,1355930797.0,3.0
1394,142864132.0,3.0
2510,555922058.0,3.0
3547,2507575295.0,3.0
104,14256294.0,1.0
2966,1115466752.0,0.0
2786,831370980.0,3.0
3798,2959835717.0,3.0
140,15274196.0,3.0
2212,407455765.0,3.0
1713,247015593.0,3.0
2074,362222987.0,3.0
4001,3427249923.0,3.0
2731,781567430.0,3.0
3275,1890717020.0,3.0
3434,2314873926.0,3.0
395,22538960.0,3.0
1869,297142742.0,1.0
2617,610584547.0,3.0
2209,405916506.0,3.0
1903,309367094.0,3.0
1044,69639907.0,3.0
925,53179626.0,3.0
773,40292695.0,3.0
251,17578771.0,3.0
402,22826326.0,3.0
3343,2212956689.0,2.0
3094,1381925694.0,1.0
458,24344261.0,3.0
1433,156792261.0,3.0
2970,1117478304.0,3.0
1451,160668798.0,3.0
1669,236466016.0,3.0
1203,94728816.0,3.0
188,16117972.0,3.0
1962,328237153.0,3.0
854,45515543.0,3.0
3156,1546329000.0,0.0
2367,485919205.0,3.0
995,64057356.0,3.0
18,2093301.0,0.0
2115,374221319.0,3.0
2109,371493803.0,3.0
3126,1483232108.0,3.0
392,22405577.0,3.0
1480,167883671.0,3.0
3699,2798534959.0,3.0
3850,3063288771.0,2.0
2723,770566922.0,3.0
2859,934676185.0,3.0
3906,3192158028.0,0.0
1932,321566222.0,3.0
3147,1536725665.0,3.0
3152,1544585436.0,3.0
2023,345488256.0,3.0
3017,1223452975.0,3.0
1702,245158685.0,3.0
3282,1920172920.0,3.0
574,28688420.0,3.0
2562,576289447.0,3.0
1534,186552155.0,3.0
1747,255080282.0,0.0
1991,334718790.0,3.0
584,29127610.0,3.0
387,22232870.0,3.0
581,28990122.0,3.0
3001,1175217080.0,0.0
88,13165752.0,3.0
1809,273444019.0,3.0
3869,3121728823.0,3.0
380,22051109.0,1.0
2176,396971059.0,2.0
2557,573899851.0,3.0
2745,792878840.0,3.0
586,29142475.0,0.0
729,36454358.0,3.0
3071,1347201812.0,3.0
683,33914461.0,3.0
3342,2210969976.0,3.0
3413,2296666364.0,3.0
446,23876749.0,3.0
3693,2790265593.0,3.0
1294,115360002.0,3.0
1146,84536033.0,3.0
3010,1214801610.0,0.0
3155,1545971322.0,3.0
2408,507766638.0,3.0
1007,65937383.0,3.0
1227,100905121.0,3.0
396,22587099.0,3.0
3659,2737938830.0,3.0
2848,913369596.0,0.0
1653,230373913.0,3.0
1560,193464274.0,3.0
2662,706385773.0,3.0
4067,4122722476.0,3.0
1942,323530660.0,3.0
279,18289203.0,3.0
807,42506370.0,3.0
2151,388736426.0,0.0
2107,370980049.0,3.0
3380,2263712048.0,0.0
123,14703506.0,3.0
1899,308636990.0,3.0
1672,237846669.0,3.0
1004,65253993.0,3.0
2392,498433587.0,3.0
4019,3613515743.0,1.0
714,35783146.0,1.0
2429,518051100.0,0.0
59,8661762.0,3.0
3955,3310055095.0,2.0
461,24376324.0,3.0
1111,78761632.0,3.0
169,15810975.0,2.0
2931,1050929670.0,3.0
1067,73307410.0,2.0
63,9428922.0,3.0
2168,393700749.0,3.0
821,43014623.0,3.0
38,6332682.0,2.0
3463,2365227628.0,3.0
1729,251223299.0,1.0
1114,79018480.0,3.0
383,22091581.0,3.0
1181,90994852.0,2.0
4060,4081487413.0,3.0
3476,2384219898.0,3.0
555,28034370.0,3.0
1263,109141099.0,3.0
3210,1646114796.0,2.0
286,18556300.0,2.0
1663,234764142.0,2.0
1743,254702152.0,1.0
2057,353400696.0,3.0
1595,207164630.0,3.0
2827,876319002.0,0.0
3232,1694305291.0,2.0
2933,1051520905.0,3.0
2628,619061998.0,3.0
360,21616655.0,3.0
2715,760548722.0,1.0
1218,99024118.0,3.0
931,53766256.0,3.0
524,26773418.0,3.0
612,30247831.0,1.0
3808,2983223970.0,3.0
2927,1043452525.0,3.0
3130,1488770850.0,3.0
2588,589158155.0,3.0
1252,107291949.0,1.0
3368,2250804312.0,3.0
230,17129481.0,3.0
3132,1491381170.0,3.0
1118,79719002.0,3.0
81,11522232.0,3.0
3303,2161705747.0,3.0
1381,138670647.0,3.0
1083,74819044.0,3.0
3593,2573849336.0,3.0
268,17998487.0,3.0
1673,238232812.0,3.0
3859,3076388267.0,3.0
1577,199622102.0,3.0
2007,339932236.0,3.0
204,16404395.0,3.0
2901,1009432801.0,3.0
2104,370462457.0,3.0
2146,386691675.0,3.0
4008,3462758302.0,3.0
1700,245047851.0,3.0
3475,2383853806.0,1.0
1130,82147957.0,3.0
2865,940356673.0,2.0
3278,1906293133.0,3.0
1862,295904130.0,3.0
2530,563252459.0,3.0
1734,252597682.0,3.0
35,5880532.0,3.0
3523,2453705914.0,3.0
1182,91150558.0,3.0
2962,1111733179.0,3.0
472,24739635.0,3.0
3537,2475627094.0,3.0
493,25505266.0,3.0
3696,2795122100.0,3.0
4084,4465396102.0,0.0
2277,434665544.0,3.0
1760,259199391.0,3.0
2418,514735682.0,3.0
1891,305708387.0,3.0
2035,347598282.0,3.0
2814,857041382.0,3.0
2698,735421597.0,3.0
264,17934976.0,3.0
1783,264445586.0,3.0
427,23406052.0,3.0
2121,376404432.0,3.0
2073,362179671.0,3.0
3286,1942231134.0,3.0
4071,4246105461.0,3.0
478,25031619.0,3.0
1292,114404673.0,3.0
3225,1681476001.0,0.0
3567,2536246606.0,3.0
2437,522333071.0,3.0
500,25862924.0,3.0
2996,1164797461.0,3.0
3750,2888270033.0,3.0
3559,2524273615.0,3.0
1753,256773873.0,2.0
2825,874447549.0,3.0
3260,1857137906.0,3.0
1868,297086049.0,3.0
1916,314967059.0,3.0
645,32242890.0,3.0
1481,168172128.0,3.0
2583,583942750.0,0.0
4007,3459416961.0,3.0
3173,1566249109.0,3.0
3211,1646911956.0,0.0
2216,409642220.0,3.0
3115,1465995588.0,3.0
2885,977250968.0,3.0
3167,1559088296.0,3.0
3446,2329566668.0,3.0
2425,517143546.0,0.0
1282,112626917.0,0.0
1857,292961370.0,3.0
1575,198621450.0,3.0
3591,2569379974.0,3.0
3627,2660442010.0,3.0
2190,400902561.0,3.0
1808,272681625.0,3.0
572,28614025.0,3.0
119,14563740.0,3.0
1709,246036103.0,1.0
540,27542169.0,3.0
1691,243026802.0,3.0
2084,365192218.0,3.0
3292,1962915986.0,3.0
2134,380100886.0,1.0
2185,398985233.0,3.0
3179,1584735324.0,0.0
1798,269387560.0,0.0
1685,241265260.0,3.0
3233,1695074820.0,3.0
85,12332182.0,3.0
3023,1242467226.0,3.0
2421,515713202.0,0.0
2085,365829310.0,3.0
2864,937561951.0,1.0
336,20485089.0,3.0
3375,2257008405.0,3.0
1375,136781019.0,3.0
956,57746727.0,0.0
733,36638376.0,3.0
2491,549532494.0,3.0
495,25561815.0,3.0
1070,73543185.0,3.0
388,22323533.0,3.0
1926,317987992.0,3.0
3856,3070536297.0,3.0
1415,150775931.0,3.0
1432,156734366.0,3.0
3497,2414773868.0,3.0
2159,390390104.0,3.0
3393,2274700938.0,1.0
4051,4028043159.0,3.0
1601,209310709.0,3.0
1086,75382761.0,3.0
2857,933239744.0,3.0
91,13720722.0,3.0
86,12545042.0,3.0
697,34784999.0,0.0
1514,178883436.0,3.0
4027,3729975327.0,3.0
964,58608740.0,3.0
1515,179399337.0,3.0
3328,2196149683.0,3.0
3142,1518440665.0,3.0
3056,1321357968.0,3.0
2353,477794199.0,3.0
2481,543909635.0,3.0
848,44978811.0,1.0
1587,203426938.0,3.0
3198,1631100475.0,0.0
2693,731886007.0,3.0
691,34426275.0,3.0
2009,340259514.0,3.0
1517,179934400.0,3.0
3905,3184729629.0,3.0
902,50833514.0,3.0
1885,302915220.0,1.0
2953,1093538893.0,3.0
3355,2232254527.0,3.0
2995,1164591420.0,3.0
887,48639523.0,3.0
875,47524882.0,3.0
1692,243257138.0,3.0
231,17145560.0,3.0
2634,621507850.0,3.0
3626,2658671220.0,3.0
142,15335474.0,3.0
465,24470537.0,3.0
3515,2439828375.0,3.0
2529,562129326.0,0.0
2638,623869971.0,3.0
1687,241652764.0,3.0
896,49862659.0,3.0
475,24961327.0,3.0
3679,2763662865.0,2.0
3307,2169637092.0,3.0
3771,2906582448.0,3.0
3332,2199700312.0,3.0
1806,271713896.0,3.0
111,14348851.0,3.0
3474,2381296429.0,3.0
554,28013067.0,3.0
1159,87490092.0,1.0
1904,309921414.0,3.0
1490,172481678.0,3.0
180,15925282.0,3.0
3522,2450736974.0,3.0
952,56686273.0,3.0
2781,827371944.0,3.0
2503,553351112.0,3.0
4013,3580642275.0,0.0
2527,561473883.0,3.0
1944,323990437.0,3.0
3068,1343113225.0,3.0
2669,710792036.0,3.0
1820,276549608.0,3.0
2612,608366859.0,3.0
421,23336089.0,3.0
659,32824589.0,0.0
731,36509410.0,3.0
994,64007404.0,3.0
799,41855514.0,3.0
2863,937356404.0,3.0
2415,512151438.0,3.0
1456,161537579.0,3.0
2326,460647298.0,3.0
3541,2480803471.0,3.0
1475,165508263.0,3.0
679,33761943.0,2.0
3826,3015903747.0,3.0
3149,1539963288.0,3.0
4040,3882606561.0,3.0
1969,329746462.0,3.0
809,42553663.0,3.0
3714,2824805007.0,3.0
54,8010492.0,3.0
2717,762550825.0,3.0
2655,634188694.0,3.0
2768,816618877.0,3.0
2946,1072639190.0,3.0
3221,1672833529.0,0.0
1448,160006479.0,1.0
1178,90289912.0,0.0
3761,2896811689.0,3.0
1088,75458059.0,3.0
2559,574218386.0,3.0
2389,496689898.0,0.0
2242,420811951.0,0.0
3861,3084749045.0,3.0
3521,2450272344.0,3.0
120,14592726.0,3.0
201,16380507.0,3.0
2631,620376139.0,3.0
647,32272015.0,3.0
4128,7.06e+17,3.0
3213,1651405736.0,3.0
1785,265656693.0,3.0
1635,221864061.0,3.0
3987,3383920751.0,3.0
1790,266854415.0,3.0
1241,104967791.0,3.0
2224,413238169.0,3.0
2646,627621883.0,3.0
423,23340658.0,0.0
1359,132669926.0,3.0
1708,245787645.0,3.0
3544,2499856179.0,3.0
3907,3192597888.0,3.0
1822,276684958.0,3.0
2231,415245900.0,0.0
2179,397735882.0,3.0
3409,2293455078.0,3.0
3070,1346831455.0,3.0
603,29871516.0,3.0
4129,7.18e+17,1.0
3639,2702637793.0,0.0
3165,1557305016.0,3.0
2412,509543591.0,2.0
3746,2881317355.0,3.0
1611,213195756.0,3.0
3723,2838568592.0,3.0
4118,4892221799.0,3.0
1960,327726855.0,3.0
381,22054026.0,3.0
642,31879215.0,3.0
3572,2547725625.0,3.0
260,17756834.0,3.0
4003,3433624414.0,3.0
3470,2375472660.0,0.0
2265,429588160.0,3.0
3981,3370173412.0,3.0
1897,307944356.0,3.0
2923,1038317240.0,3.0
399,22769611.0,0.0
3891,3166438737.0,2.0
2025,345725789.0,3.0
1390,140438543.0,3.0
1183,91254681.0,3.0
3665,2751041485.0,3.0
1604,210811982.0,0.0
3041,1281704198.0,3.0
3326,2191370730.0,3.0
765,39987337.0,0.0
2566,577650645.0,3.0
2608,601456509.0,3.0
1464,163292084.0,3.0
3695,2793469750.0,3.0
1482,169162973.0,3.0
3758,2895006527.0,3.0
2364,483346250.0,3.0
407,23075269.0,3.0
3242,1707999306.0,3.0
2708,750215857.0,3.0
1579,200271529.0,3.0
3267,1872623180.0,3.0
3632,2678903934.0,3.0
1389,140067374.0,3.0
3480,2388329659.0,3.0
1298,117332477.0,3.0
2335,468613270.0,3.0
3164,1556017826.0,3.0
717,35896583.0,0.0
3150,1541307962.0,3.0
1342,129278916.0,3.0
2913,1027381261.0,1.0
2468,538447202.0,3.0
134,15076293.0,3.0
2753,805053264.0,3.0
3050,1309455876.0,3.0
695,34685031.0,3.0
1877,300192405.0,3.0
2696,735020898.0,3.0
2406,504746272.0,3.0
2833,882603895.0,3.0
2049,351965235.0,3.0
3610,2596713783.0,1.0
250,17577377.0,3.0
945,56167825.0,3.0
4039,3878378117.0,3.0
803,42295510.0,3.0
3344,2213139331.0,3.0
3568,2538318732.0,2.0
2536,565417834.0,3.0
3322,2186612067.0,3.0
1824,277279447.0,2.0
3040,1275656082.0,3.0
827,43269917.0,3.0
2246,423072301.0,3.0
3648,2726914463.0,3.0
3950,3302634613.0,3.0
447,23911725.0,3.0
3386,2269063453.0,3.0
3053,1317022460.0,0.0
4069,4172939002.0,3.0
1959,327614924.0,3.0
2733,783392899.0,3.0
3800,2960249516.0,0.0
2233,415674663.0,3.0
838,44191726.0,1.0
1955,327114794.0,3.0
2096,369748382.0,3.0
2688,729492252.0,3.0
660,32884430.0,3.0
525,26861679.0,0.0
3384,2265529080.0,3.0
1694,243956746.0,3.0
1863,296252913.0,3.0
2304,449255927.0,0.0
1977,331412498.0,0.0
830,43454147.0,3.0
2671,711788841.0,3.0
3576,2549448884.0,3.0
2522,559096031.0,0.0
3870,3121949341.0,3.0
2378,491753048.0,3.0
3090,1374200786.0,0.0
3319,2183888858.0,0.0
443,23772938.0,0.0
779,40794108.0,3.0
2221,411927454.0,3.0
1278,111626535.0,3.0
522,26697363.0,1.0
1997,335530044.0,3.0
1232,102864502.0,3.0
2727,779241002.0,0.0
1413,150264823.0,3.0
866,46939915.0,3.0
3403,2288588059.0,3.0
3277,1905953748.0,3.0
1556,192380238.0,3.0
3918,3230311182.0,3.0
3909,3195695389.0,3.0
3671,2757689073.0,3.0
3431,2311987414.0,3.0
1076,73736964.0,0.0
2569,578172169.0,0.0
626,30820485.0,3.0
3498,2416353230.0,3.0
3844,3041117137.0,3.0
3728,2846064382.0,3.0
2621,612948015.0,3.0
1878,300662531.0,3.0
3203,1633551667.0,3.0
138,15201386.0,3.0
3493,2408543985.0,3.0
3763,2899405907.0,3.0
2545,568474482.0,3.0
429,23443442.0,3.0
162,15707141.0,3.0
3982,3371304053.0,3.0
2500,552444599.0,3.0
1512,177354372.0,3.0
1707,245652097.0,3.0
3341,2209839286.0,3.0
2550,571209542.0,3.0
65,9868472.0,3.0
2440,522716871.0,3.0
2356,478766423.0,3.0
2658,636320780.0,3.0
2507,555238159.0,3.0
103,14244184.0,3.0
1006,65802548.0,3.0
2289,443254689.0,3.0
3237,1697593178.0,3.0
1654,231043601.0,3.0
3250,1726790156.0,3.0
2250,425375189.0,3.0
257,17724851.0,3.0
241,17435961.0,3.0
3871,3122881138.0,3.0
2499,552355413.0,3.0
1892,305733674.0,3.0
130,14910028.0,0.0
1764,259992656.0,3.0
2755,805967683.0,1.0
4130,7.19e+17,0.0
2485,545322529.0,3.0
2758,808152505.0,3.0
211,16548053.0,3.0
2386,495557027.0,3.0
198,16340534.0,3.0
3710,2822734945.0,3.0
415,23224082.0,3.0
1015,66565691.0,0.0
3373,2256825164.0,1.0
1623,219138283.0,3.0
704,35168791.0,3.0
3460,2360390845.0,3.0
3976,3362942435.0,3.0
1438,157894550.0,3.0
1468,164572579.0,3.0
354,21425163.0,3.0
648,32313316.0,2.0
1354,131514108.0,3.0
287,18570701.0,3.0
2020,343454137.0,3.0
2297,447511231.0,1.0
2712,755380856.0,3.0
1889,304599063.0,3.0
245,17489208.0,3.0
113,14416921.0,3.0
2521,558973249.0,3.0
1585,202929631.0,1.0
4061,4086517462.0,0.0
664,33105358.0,3.0
2855,927980179.0,3.0
2158,390364452.0,3.0
914,51779335.0,3.0
2393,499278537.0,3.0
2191,400927358.0,3.0
1249,106269404.0,3.0
3093,1380337848.0,3.0
2600,597901871.0,1.0
1978,331616062.0,3.0
1835,283352322.0,3.0
2014,342126665.0,3.0
743,37424091.0,3.0
3329,2196356307.0,0.0
3481,2389535518.0,0.0
2997,1165062295.0,0.0
2453,529434639.0,1.0
2318,457116812.0,3.0
1767,260570227.0,3.0
307,19155976.0,3.0
1738,253444761.0,1.0
966,58904749.0,3.0
1508,176584827.0,2.0
3538,2476083618.0,3.0
3334,2200745592.0,3.0
770,40171437.0,3.0
1895,306750975.0,3.0
2498,552017652.0,3.0
2458,533215554.0,3.0
4089,4581426914.0,3.0
968,59045313.0,3.0
1476,166452885.0,3.0
3879,3140821267.0,3.0
183,15966552.0,3.0
2578,581396387.0,3.0
2375,489096099.0,3.0
3834,3025470221.0,3.0
14,1603031.0,2.0
1624,219204344.0,3.0
651,32454454.0,0.0
1149,85564222.0,3.0
98,14171950.0,3.0
646,32245274.0,3.0
3741,2872013142.0,3.0
1478,167277255.0,0.0
901,50488430.0,3.0
3394,2275299199.0,3.0
3807,2977934168.0,1.0
816,42856435.0,3.0
1716,247130343.0,1.0
2075,362659976.0,1.0
2456,532718125.0,3.0
3640,2704926340.0,3.0
3913,3204666058.0,3.0
31,5416812.0,3.0
1599,208565610.0,3.0
1120,80602838.0,3.0
1999,336082918.0,3.0
2652,633119013.0,3.0
80,11423162.0,0.0
545,27646610.0,3.0
1378,138485279.0,3.0
2728,779457931.0,0.0
2325,460622623.0,3.0
2091,368381657.0,0.0
2254,426131717.0,3.0
1662,234221060.0,3.0
1594,206636966.0,3.0
125,14715108.0,3.0
2445,524980784.0,3.0
1126,81395899.0,0.0
2811,851941934.0,3.0
1881,301841318.0,3.0
2944,1068587880.0,3.0
3751,2891064740.0,3.0
3437,2318073548.0,3.0
1678,239372834.0,3.0
656,32694145.0,3.0
3721,2833296404.0,3.0
435,23553656.0,3.0
2804,843409740.0,1.0
1701,245157793.0,1.0
124,14707806.0,3.0
311,19305956.0,3.0
3885,3153030412.0,3.0
3666,2751224597.0,3.0
1244,105625400.0,3.0
361,21620295.0,3.0
3583,2560318209.0,2.0
2807,845587771.0,3.0
3197,1630988527.0,1.0
49,7417492.0,3.0
785,41099251.0,3.0
3778,2913389455.0,3.0
791,41462009.0,3.0
490,25397265.0,3.0
2026,345773884.0,3.0
708,35345021.0,1.0
2835,887866621.0,2.0
1264,109148067.0,3.0
3712,2824319057.0,0.0
450,24027594.0,3.0
348,21123611.0,3.0
699,34838732.0,3.0
375,21912195.0,3.0
474,24910681.0,3.0
745,37586999.0,3.0
3226,1681547610.0,3.0
2012,341238925.0,3.0
1801,270280907.0,2.0
1285,113082181.0,3.0
3469,2374832580.0,0.0
1210,95972821.0,1.0
412,23213874.0,3.0
1442,159210787.0,3.0
1407,148561554.0,3.0
792,41525714.0,3.0
2284,438805823.0,1.0
479,25049348.0,3.0
1257,108553168.0,3.0
735,36697124.0,3.0
2347,473721840.0,3.0
1686,241457377.0,2.0
872,47379451.0,3.0
3293,1965192206.0,0.0
997,64253903.0,3.0
3204,1633941529.0,3.0
3658,2737716743.0,3.0
2552,573109188.0,3.0
1813,274332453.0,3.0
1487,171777439.0,3.0
1483,169343445.0,3.0
4105,4783670656.0,3.0
4042,3885162793.0,3.0
3656,2733399521.0,1.0
1240,104958557.0,3.0
3601,2584049531.0,3.0
2095,369332000.0,3.0
1319,123915091.0,3.0
2586,588030994.0,3.0
24,3566011.0,0.0
1373,136076540.0,3.0
2938,1059394304.0,1.0
2548,569389400.0,3.0
2401,502356751.0,3.0
3552,2514085772.0,3.0
3247,1721071723.0,2.0
706,35208039.0,3.0
3877,3135724894.0,3.0
2029,346605829.0,3.0
888,48898594.0,3.0
730,36467393.0,3.0
3401,2287354088.0,3.0
1425,155063896.0,3.0
1191,93044940.0,1.0
913,51644706.0,0.0
638,31538773.0,3.0
876,47608808.0,3.0
3374,2256976089.0,3.0
661,32893188.0,3.0
946,56179623.0,3.0
3032,1253426977.0,3.0
1826,279729851.0,3.0
2872,949712449.0,3.0
2141,384597747.0,1.0
2881,965304438.0,3.0
4091,4652050590.0,3.0
344,20919434.0,3.0
3336,2201513406.0,3.0
732,36573122.0,3.0
1242,105040826.0,3.0
2902,1009461181.0,3.0
658,32820611.0,3.0
3832,3022079691.0,3.0
2271,432144227.0,3.0
1062,73205164.0,0.0
1555,192363167.0,3.0
1147,84667398.0,3.0
891,49237943.0,3.0
3458,2359961656.0,3.0
819,42992186.0,3.0
639,31592650.0,3.0
191,16239701.0,3.0
1265,109376623.0,3.0
2370,486130973.0,3.0
2571,578502801.0,3.0
108,14304515.0,0.0
1309,119614587.0,0.0
778,40609160.0,3.0
357,21520456.0,3.0
3036,1268156702.0,3.0
3756,2893391502.0,0.0
3009,1213630772.0,3.0
1784,265072660.0,3.0
3008,1213142882.0,3.0
628,30933884.0,3.0
3119,1470806185.0,3.0
1403,148202791.0,3.0
2312,453293054.0,3.0
4000,3425758336.0,0.0
1629,221016983.0,3.0
3443,2326073256.0,3.0
1620,218145119.0,3.0
3502,2421245690.0,3.0
350,21156014.0,0.0
2021,343698806.0,3.0
674,33563474.0,0.0
2249,424564907.0,0.0
2131,379789833.0,3.0
2990,1158727531.0,2.0
1543,189814213.0,3.0
1921,316735643.0,3.0
3182,1589439548.0,1.0
3264,1862880625.0,3.0
4009,3475958352.0,3.0
488,25338134.0,3.0
1100,77387104.0,3.0
1472,165212719.0,0.0
1640,222953336.0,3.0
2064,355259150.0,3.0
2752,803474311.0,3.0
445,23824143.0,3.0
774,40295317.0,3.0
1966,329339197.0,3.0
1462,162752051.0,3.0
1513,178785257.0,1.0
3426,2306946153.0,0.0
527,26934762.0,3.0
2874,952290570.0,3.0
400,22787410.0,0.0
1024,67685363.0,3.0
1272,110526247.0,3.0
3641,2717597414.0,2.0
430,23517690.0,3.0
2576,580604307.0,3.0
1500,174681094.0,3.0
101,14222204.0,3.0
3350,2223381524.0,3.0
1849,290664790.0,1.0
2319,457166419.0,3.0
2862,936032731.0,3.0
1933,322194483.0,3.0
869,47189902.0,3.0
454,24095706.0,3.0
1976,331308334.0,2.0
3545,2502474378.0,3.0
3331,2199360292.0,3.0
3929,3249393374.0,2.0
2890,983354179.0,3.0
305,18888658.0,3.0
3026,1244831256.0,1.0
3311,2177326815.0,3.0
368,21747362.0,3.0
2803,841819266.0,3.0
2910,1018169203.0,3.0
2661,706204430.0,1.0
3289,1957596570.0,3.0
1170,89400803.0,3.0
1652,229661595.0,3.0
727,36256699.0,3.0
0,12488.0,3.0
1660,233234890.0,3.0
1786,266031943.0,3.0
1491,172644834.0,3.0
2110,372031280.0,3.0
3367,2247748386.0,3.0
2092,368504837.0,3.0
2082,364027143.0,3.0
3104,1413974720.0,3.0
1189,92809357.0,1.0
2407,507115742.0,3.0
1313,121656518.0,3.0
3673,2759388180.0,3.0
2480,542250227.0,3.0
2247,424066660.0,3.0
2361,481284142.0,3.0
4125,6.95e+17,3.0
1221,99801455.0,3.0
3027,1245112638.0,3.0
267,17970602.0,0.0
4102,4770014078.0,3.0
4116,4878926855.0,3.0
2805,844492928.0,3.0
1750,256038413.0,3.0
975,60946144.0,0.0
3780,2914079949.0,3.0
1536,187772818.0,1.0
3421,2302146498.0,3.0
2060,354407369.0,3.0
390,22383791.0,3.0
2399,502170966.0,0.0
772,40182941.0,3.0
29,5135501.0,3.0
3011,1216573080.0,3.0
3509,2434496723.0,3.0
1516,179495582.0,3.0
3931,3257457133.0,3.0
715,35850131.0,3.0
3621,2615854496.0,3.0
1316,122830450.0,1.0
4,755531.0,3.0
2280,436231862.0,3.0
879,47785185.0,3.0
2511,556205401.0,1.0
315,19460089.0,3.0
734,36696995.0,3.0
1102,77570434.0,3.0
3815,3000034679.0,3.0
3345,2215070558.0,3.0
2525,560162688.0,3.0
3878,3138749377.0,0.0
4032,3795131594.0,3.0
1746,254860038.0,0.0
2052,352051200.0,3.0
1315,122567099.0,3.0
2376,489635138.0,1.0
1366,134247769.0,3.0
1953,326885884.0,3.0
2492,549665508.0,3.0
1518,180554028.0,3.0
2791,834786632.0,3.0
637,31484282.0,3.0
1357,132256020.0,3.0
2615,610022729.0,3.0
66,10181972.0,3.0
1657,232330276.0,3.0
1970,330028248.0,3.0
1040,69085215.0,3.0
1457,161550638.0,3.0
258,17745727.0,3.0
684,33939213.0,3.0
2056,353194949.0,3.0
121,14614494.0,3.0
3159,1548897660.0,3.0
1419,152736052.0,3.0
844,44653967.0,3.0
1634,221600469.0,0.0
609,30098713.0,3.0
1917,315406712.0,3.0
137,15196943.0,3.0
3484,2391722096.0,1.0
3192,1612112400.0,3.0
3958,3312564671.0,3.0
3684,2774403231.0,3.0
3767,2901034236.0,3.0
894,49752297.0,3.0
2866,942922705.0,3.0
2283,438680256.0,3.0
3193,1615810866.0,3.0
3716,2825575112.0,3.0
8,988211.0,3.0
2664,707684390.0,3.0
897,50179125.0,3.0
3129,1488728612.0,3.0
2799,839083290.0,3.0
3934,3266408292.0,3.0
3108,1441916952.0,3.0
3754,2892105041.0,3.0
433,23543313.0,3.0
4076,4317387674.0,3.0
2513,556493883.0,1.0
3584,2560494284.0,0.0
165,15724536.0,3.0
1644,225638402.0,3.0
2497,551626824.0,3.0
2457,532996097.0,3.0
1054,70869342.0,3.0
2779,824096078.0,2.0
3663,2743083179.0,3.0
301,18784606.0,3.0
3823,3013097139.0,3.0
4066,4111361301.0,0.0
3269,1880734692.0,2.0
426,23375001.0,3.0
1674,238693035.0,3.0
1574,198142448.0,3.0
2630,619589078.0,3.0
1554,192361028.0,3.0
3430,2311051028.0,2.0
1882,302283968.0,3.0
2098,369773592.0,3.0
534,27254725.0,3.0
2699,736006135.0,3.0
3201,1633139072.0,3.0
1823,277250373.0,3.0
948,56409657.0,3.0
2129,379046348.0,1.0
3694,2791142413.0,3.0
1751,256303264.0,3.0
582,29068634.0,2.0
1947,325345235.0,3.0
3899,3178881626.0,1.0
1887,304100360.0,3.0
3526,2457662821.0,1.0
3722,2836699214.0,0.0
1188,92585536.0,2.0
992,63354277.0,3.0
178,15912799.0,3.0
1739,253448640.0,1.0
1769,260812076.0,3.0
2489,546973182.0,3.0
2200,404320133.0,3.0
3309,2174955213.0,0.0
3989,3396300100.0,3.0
4059,4078880655.0,3.0
1591,205042068.0,3.0
3553,2516413898.0,3.0
477,25011568.0,3.0
3031,1252944126.0,2.0
988,62713503.0,3.0
2960,1110247477.0,0.0
3902,3181483672.0,3.0
1609,211911239.0,3.0
1931,320862338.0,3.0
463,24441171.0,3.0
1383,138808406.0,3.0
3605,2591591772.0,1.0
826,43254420.0,3.0
917,51913984.0,0.0
776,40510644.0,3.0
2994,1163602314.0,3.0
3441,2324765574.0,3.0
1056,71507676.0,3.0
1928,319336045.0,3.0
620,30612357.0,0.0
1374,136154566.0,3.0
3123,1478309280.0,3.0
373,21820044.0,3.0
2580,582324504.0,3.0
1080,74148207.0,3.0
1225,100373646.0,3.0
2624,616470622.0,3.0
3428,2309902285.0,3.0
3354,2229594979.0,0.0
3994,3410331825.0,3.0
1619,217366210.0,1.0
2823,869691481.0,3.0
605,29907971.0,0.0
681,33909222.0,3.0
629,30948196.0,0.0
3067,1338309974.0,3.0
1317,123027374.0,0.0
1636,222180028.0,3.0
3551,2511029468.0,3.0
3501,2421123722.0,0.0
1376,137661868.0,1.0
499,25807866.0,3.0
3664,2750447937.0,3.0
840,44279924.0,3.0
302,18804924.0,3.0
978,61654870.0,3.0
768,40035909.0,3.0
2887,977583558.0,2.0
3007,1209078512.0,3.0
3133,1493225791.0,1.0
3764,2900071336.0,3.0
1204,94858206.0,3.0
1695,243969229.0,3.0
3540,2479037011.0,3.0
3222,1679062790.0,3.0
3900,3179104207.0,0.0
2616,610481437.0,3.0
617,30500943.0,3.0
2293,444758568.0,3.0
175,15878709.0,3.0
1168,89080686.0,0.0
2922,1037179669.0,3.0
2003,338440407.0,3.0
3308,2170992901.0,3.0
903,51054989.0,3.0
999,64317799.0,0.0
3773,2907123608.0,0.0
1401,147982117.0,3.0
1283,112892432.0,3.0
1279,112034770.0,0.0
2796,838563913.0,3.0
640,31639656.0,0.0
179,15921865.0,3.0
2251,425449505.0,3.0
1093,76234324.0,3.0
2067,359110915.0,3.0
2784,830362063.0,3.0
3957,3312294837.0,3.0
352,21223300.0,3.0
2100,369859207.0,3.0
2642,625035702.0,3.0
2660,704348603.0,3.0
3980,3368226813.0,3.0
1504,175406218.0,3.0
3967,3324801909.0,0.0
2237,417244068.0,3.0
849,45048965.0,3.0
459,24344461.0,3.0
1164,88590798.0,0.0
2184,398737910.0,3.0
904,51203406.0,3.0
295,18693062.0,3.0
1014,66532172.0,3.0
2882,969270510.0,3.0
3652,2730263722.0,3.0
4079,4353232533.0,3.0
3571,2544846032.0,1.0
2234,415918838.0,3.0
1417,151612183.0,1.0
2937,1059262884.0,3.0
929,53495555.0,3.0
588,29283906.0,3.0
953,56819049.0,2.0
1454,161209632.0,0.0
2210,405994748.0,3.0
2676,716394420.0,0.0
539,27540864.0,0.0
2493,550141502.0,3.0
240,17412436.0,3.0
1365,133954977.0,3.0
158,15630060.0,3.0
3514,2438166174.0,3.0
1858,293252207.0,3.0
1107,77968866.0,3.0
1905,310618486.0,3.0
3330,2197090334.0,1.0
2978,1137983581.0,3.0
538,27519133.0,3.0
346,21008974.0,1.0
1639,222886324.0,3.0
193,16267925.0,3.0
2979,1138339776.0,0.0
1996,335490080.0,1.0
184,16005137.0,3.0
3578,2553006528.0,3.0
1474,165429775.0,3.0
4043,3893332168.0,0.0
1466,164082615.0,3.0
2357,479928132.0,3.0
2275,433779635.0,3.0
2337,468988865.0,0.0
147,15430827.0,3.0
1545,189947393.0,3.0
3295,1969842715.0,1.0
1346,130339929.0,3.0
2062,354830968.0,3.0
938,55010146.0,2.0
215,16654326.0,3.0
2442,523608771.0,3.0
1559,193176772.0,2.0
1873,298697536.0,3.0
2177,397312303.0,3.0
805,42490893.0,3.0
2382,494021475.0,3.0
2813,855624000.0,1.0
2174,395456865.0,3.0
1169,89362464.0,3.0
3990,3400534461.0,2.0
2977,1136150677.0,3.0
3257,1849217726.0,3.0
909,51515404.0,3.0
2494,550601451.0,3.0
1141,83399005.0,3.0
1522,182910150.0,3.0
217,16697755.0,3.0
455,24114057.0,3.0
3781,2914422905.0,3.0
3629,2671810020.0,1.0
4101,4766296833.0,3.0
1906,310993378.0,3.0
1876,300028558.0,1.0
3052,1316720238.0,3.0
2059,354348669.0,3.0
766,39990623.0,3.0
3097,1390667377.0,3.0
320,19571556.0,3.0
2214,408027328.0,3.0
3628,2668978821.0,3.0
847,44867013.0,3.0
2714,757895707.0,3.0
1643,224106706.0,3.0
3131,1490720666.0,3.0
1235,103570925.0,1.0
3936,3273811628.0,3.0
3943,3286685211.0,3.0
863,46613999.0,0.0
2834,887777401.0,3.0
1307,119174334.0,3.0
1641,222972716.0,3.0
3925,3244645951.0,0.0
4056,4056053350.0,3.0
657,32798125.0,3.0
1520,181272725.0,0.0
1797,268878698.0,3.0
1224,100365352.0,3.0
2360,480728639.0,3.0
1718,247500956.0,2.0
3220,1665470917.0,3.0
3941,3283686312.0,3.0
2722,770338470.0,1.0
2899,1005685344.0,3.0
2873,952136497.0,3.0
1074,73703405.0,3.0
1829,281258837.0,3.0
314,19382449.0,3.0
2111,372380234.0,3.0
1819,275305376.0,3.0
2385,495413053.0,3.0
1057,71723098.0,3.0
3162,1552537964.0,0.0
70,10644122.0,3.0
27,4521491.0,0.0
3614,2608293151.0,1.0
234,17240648.0,3.0
2987,1155548167.0,3.0
1998,335768825.0,1.0
2907,1016399695.0,3.0
1215,97734004.0,3.0
3580,2555704356.0,3.0
2256,426551337.0,3.0
181,15929888.0,3.0
4041,3884346227.0,3.0
225,17004664.0,3.0
3676,2761220320.0,3.0
3795,2952005651.0,2.0
2426,517491456.0,3.0
2182,398454308.0,3.0
625,30767096.0,3.0
1239,104921135.0,3.0
1799,269572615.0,0.0
1948,325577972.0,1.0
556,28152959.0,3.0
2439,522588604.0,2.0
498,25685740.0,3.0
1422,153677638.0,3.0
2267,430481965.0,3.0
2935,1056628524.0,2.0
1608,211760837.0,3.0
3451,2354172174.0,3.0
974,60642064.0,3.0
1984,333176699.0,3.0
2844,906938204.0,3.0
1697,244326890.0,3.0
1544,189897948.0,3.0
1201,94493245.0,3.0
3062,1330106192.0,3.0
2001,337395446.0,3.0
1003,65166147.0,3.0
1565,195235146.0,3.0
28,4650621.0,3.0
1192,93113757.0,0.0
2295,445795189.0,3.0
971,60119550.0,3.0
3370,2252776920.0,3.0
1630,221246474.0,3.0
2868,946914943.0,2.0
886,48547884.0,3.0
1723,249311215.0,0.0
3065,1333544612.0,3.0
3700,2798889409.0,3.0
2765,813642446.0,3.0
1071,73559234.0,2.0
2285,438902833.0,3.0
787,41257329.0,3.0
3485,2395495076.0,3.0
3188,1605117252.0,2.0
2476,541793568.0,3.0
197,16335411.0,1.0
1338,128637180.0,3.0
2611,606923282.0,0.0
1509,176634323.0,3.0
641,31836615.0,3.0
3228,1683670698.0,3.0
1424,154343441.0,2.0
2448,525997976.0,3.0
1992,335163457.0,0.0
3494,2411391901.0,3.0
1987,333712744.0,3.0
3448,2336120958.0,3.0
102,14240153.0,3.0
3755,2892685603.0,3.0
808,42545304.0,3.0
671,33391247.0,3.0
1372,135928020.0,3.0
2438,522488778.0,3.0
3836,3028515586.0,3.0
2650,631509531.0,0.0
2604,600539751.0,3.0
1271,110514510.0,3.0
1469,164671252.0,3.0
1656,231664282.0,3.0
1261,109035228.0,3.0
296,18701876.0,3.0
2981,1138390375.0,3.0
1214,97559891.0,3.0
1269,109930518.0,3.0
2172,395037577.0,3.0
1161,87577836.0,3.0
330,20080661.0,0.0
2942,1064542524.0,3.0
2149,388613064.0,3.0
916,51881296.0,1.0
3256,1841828136.0,0.0
94,14058536.0,2.0
2950,1085240216.0,3.0
3248,1723321129.0,3.0
2877,958317204.0,3.0
3271,1884234126.0,3.0
3253,1738359708.0,3.0
2955,1102356913.0,1.0
1510,176998914.0,3.0
2729,780294270.0,3.0
227,17042416.0,3.0
3366,2247234742.0,3.0
2911,1018440002.0,3.0
2055,352787484.0,3.0
2761,809947435.0,3.0
2076,362896236.0,3.0
2269,431333866.0,0.0
2906,1012696602.0,0.0
977,61372244.0,3.0
3820,3008982077.0,3.0
2243,421922768.0,3.0
2533,564901946.0,3.0
141,15281952.0,3.0
1802,270443198.0,3.0
2161,391021943.0,3.0
3616,2610445469.0,3.0
1001,64814884.0,3.0
587,29176540.0,3.0
2526,560828885.0,3.0
2018,342906734.0,3.0
1613,214257759.0,3.0
2539,565864024.0,3.0
219,16816596.0,3.0
3095,1385802428.0,3.0
2112,372498248.0,3.0
393,22512818.0,3.0
1021,67433433.0,0.0
3797,2955790493.0,3.0
1712,246549549.0,3.0
2543,567812011.0,3.0
858,45755798.0,3.0
2043,349324588.0,1.0
1385,139219473.0,0.0
3944,3290827158.0,3.0
1993,335410275.0,1.0
277,18227956.0,3.0
3854,3068903234.0,3.0
3417,2299869200.0,0.0
3310,2175073964.0,0.0
1547,189978853.0,3.0
1778,262688551.0,2.0
2315,454481737.0,0.0
1683,240860394.0,3.0
1399,145328224.0,1.0
592,29410371.0,3.0
1963,328506487.0,3.0
398,22608233.0,3.0
3087,1368574843.0,2.0
2891,983792269.0,3.0
2965,1113605617.0,3.0
3136,1506053083.0,3.0
3450,2353953175.0,3.0
1763,259964518.0,3.0
1230,102448444.0,3.0
2113,373181471.0,3.0
1267,109457750.0,3.0
3044,1288526551.0,3.0
1020,67428233.0,3.0
1217,98987041.0,3.0
2125,377685390.0,3.0
4075,4299022415.0,1.0
1125,81181474.0,3.0
3146,1525658142.0,3.0
812,42763055.0,0.0
347,21053422.0,3.0
2351,477237734.0,3.0
92,13981312.0,3.0
2801,841152145.0,1.0
3086,1367865414.0,3.0
1667,236148223.0,3.0
2778,822520250.0,3.0
2554,573654042.0,3.0
2008,340120473.0,1.0
99,14194825.0,1.0
3297,1977067130.0,3.0
456,24173893.0,0.0
2951,1090783238.0,2.0
3335,2200747690.0,3.0
2443,523675753.0,3.0
2198,403714540.0,1.0
1416,151267503.0,3.0
278,18238844.0,0.0
932,53945656.0,3.0
4073,4274283194.0,0.0
1541,189396646.0,3.0
3255,1837470643.0,3.0
1719,247578659.0,0.0
414,23223898.0,3.0
2488,546965794.0,1.0
294,18668572.0,3.0
794,41636299.0,3.0
3727,2845538967.0,3.0
3793,2943071684.0,1.0
2013,341819064.0,3.0
3266,1871975606.0,0.0
2045,350303845.0,0.0
4062,4090851143.0,3.0
2274,433627817.0,3.0
842,44491943.0,0.0
2167,393350033.0,3.0
1270,110321152.0,1.0
3058,1322822120.0,3.0
3698,2797857416.0,1.0
2672,712746386.0,3.0
2846,911538444.0,3.0
163,15713534.0,3.0
2395,500268697.0,3.0
750,38223643.0,3.0
2710,751508179.0,3.0
576,28717534.0,3.0
673,33540809.0,0.0
2869,946952696.0,3.0
3490,2401822611.0,3.0
3513,2437774033.0,3.0
449,24011546.0,3.0
3088,1368758322.0,3.0
3365,2245271125.0,3.0
694,34629915.0,3.0
837,44152437.0,0.0
4097,4739112700.0,3.0
3396,2276727835.0,3.0
2097,369771361.0,3.0
107,14297464.0,3.0
3025,1243794576.0,3.0
2609,603210706.0,0.0
3669,2755889855.0,3.0
1957,327211934.0,0.0
2135,381698459.0,3.0
3963,3320812364.0,3.0
793,41628383.0,3.0
1025,67750486.0,3.0
2261,427485067.0,1.0
2028,346385031.0,3.0
2949,1080242460.0,3.0
2213,407811925.0,3.0
3020,1230012013.0,3.0
569,28531270.0,3.0
1780,263798565.0,0.0
3024,1243191068.0,3.0
3848,3057738927.0,2.0
2320,457210239.0,1.0
2230,414989313.0,3.0
2718,763578384.0,3.0
3725,2842119424.0,3.0
741,37124344.0,3.0
2466,537493775.0,3.0
3631,2675305502.0,3.0
2767,816492554.0,3.0
3711,2823063853.0,3.0
3284,1932552169.0,3.0
2766,814072914.0,3.0
1911,313442910.0,3.0
1859,293277214.0,3.0
298,18727486.0,3.0
3978,3367316435.0,3.0
1085,75185108.0,3.0
3590,2567974587.0,3.0
1810,273655856.0,3.0
801,42102606.0,3.0
877,47687582.0,3.0
3412,2296438140.0,3.0
1732,251931074.0,0.0
2726,776875777.0,1.0
2856,930483241.0,3.0
